ABAJO	DOWN
ACCIONES_DEL_HOST	HOST_ACTIONS
ACTOR_HUMANO	ACTOR_HUMAN
AHORA	NOW
ARRASTRE	DRAG
ARRIBA	UP
AbrirExterno	OpenExternal
AbrirTerminal	OpenTerminal
Accion	Action
Agentes	Agents
AjusteEscrito	SettingWritten
AjusteRestablecido	SettingRestablecido
Ajustes	Settings
AlternarCola	ToggleCola
AlternarHueco	ToggleSlot
AlternarOcultos	ToggleHidden
Ancho	Width
AnchoPersistido	WidthPersistido
Apagar	TurnOff
Aplicada	Applied
Aprobacion	Approval
AprobacionCaducada	ApprovalCaducada
AprobacionNoEntregada	ApprovalNoEntregada
Aprobar	Approve
AprobarExtension	ApproveExtension
Archivo	Archive
ArchivoInvalido	ArchiveInvalid
Arranque	Startup
Aviso	Notice
AvisoPlugin	NoticePlugin
AvisosDeDestino	DestinationNotices
Ayuda	Help
Bloques	Blocks
Borrar	Delete
Boton	Button
Buscar	Search
BuscarRapido	SearchFast
BuscarSemantica	SearchSemantic
Busqueda	Search
BusquedaRota	SearchBroken
BusquedaViva	SearchViva
CATALOGO	CATALOG
COMANDO	COMMAND
COMANDOS	COMMANDS
COMANDOS_CONTADOR	COMMANDS_COUNTER
COMPROBAR_RAIZ_CADA	CHECK_ROOT_EACH
COMPROBAR_RAIZ_CADA_SEGUNDOS	CHECK_ROOT_EVERY_SECONDS
CONTENIDO	CONTENT
CUANTAS	HOW_MANY
Cambio	Change
CancelarTask	CancelTask
Capacidades	Capabilities
Carpetas	Folders
Catalogo	Catalog
Causa	Cause
Celda	Cell
Cerrar	Close
CerrarHueco	CloseSlot
CerrarPestana	CloseTab
CiclarEncoding	CycleEncoding
CiclarPestana	CycleTab
Clase	Class
Colocacion	Placement
Columna	Column
Columnas	Columns
Comando	Command
Comparacion	Comparison
ComparacionViva	ComparisonViva
Comparar	Compare
CompararFicheros	CompareFiles
Completo	Full
ComprobarArchivo	CheckArchive
Conexion	Connection
Conexiones	Connections
ConexionesDeIrA	GoToConnections
ConfigEscrita	ConfigWritten
ConsultaSemantica	QuerySemantic
Contenido	Content
CopiarRuta	CopyPath
CopiarSumas	CopyChecksums
Corte	Cutoff
Creacion	Creation
CreadoComprobado	CreadoChecked
CrearDirectorio	CreateDirectory
CrearFichero	CreateFile
Cromo	Chrome
Cual	Which
DIGITOS	DIGITS
DaemonMuerto	DaemonDead
Decidir	Decide
Decir	Say
Degradada	Degraded
DescartarTask	DiscardTask
Desconectar	Disconnect
Desconocida	Unknown
Desconocido	Unknown
Desempaquetar	Unpack
Desenlace	Outcome
DeshacerHasta	UndoUntil
DeshacerSesion	UndoSession
Deshecha	Undone
Desinstalar	Uninstall
DesinstalarExtension	UninstallExtension
DesmarcarTodo	UnmarkAll
Destino	Dest
Dialogo	Dialog
Disposiciones	Layouts
EFECTOS	EFFECTS
ESPERA_MAX	WAIT_MAX
ESQUEMA	SCHEME
ESQUEMAS	SCHEMES
ESQUEMAS_DE_PAGINA	PAGE_SCHEMAS
EcoProvider	EchoProvider
EditarAjuste	EditSetting
EditarExterno	EditExternal
Efecto	Effect
EfectoVisor	EffectVisor
Efectos	Effects
Empaquetado	Packed
Empaquetar	Pack
EnParte	InPart
Encender	TurnOn
Encendido	On
Entera	Whole
Entrada	Entry
Entrar	Enter
EntregarSecreto	DeliverSecret
ErrorDeArranque	StartupError
EsElFichero	IsTheFile
Escribir	Write
Escritorio	Desktop
Espejo	Mirror
EspejoObjetivo	MirrorObjetivo
EspejoPermanente	MirrorPermanent
Estado	State
EstadoLinea	StateLine
EstadoMapa	StateMap
EstadoPanel	StatePanel
EstadoPreview	StatePreview
Estilo	Style
EventoDeSync	SyncEvent
ExtFoco	ExtFocus
Extensiones	Extensions
FALLO_MS	FAILURE_MS
FAMILIA	FAMILY
FILAS	ROWS
FORMA	SHAPE
FRENO_TRAS_FALLO	FRENO_AFTER_FAILURE
Fallida	Failed
Fallo	Failure
Falso	Fake
FavoritoPersistido	FavoritePersistido
FavoritoQuitado	FavoriteRemoved
FichaDePlugin	PluginTab
FicheroDeSumas	ChecksumsFile
Ficheros	Files
FijarSalto	PinJump
FilasComparadas	RowsComparadas
Firma	Signature
Foco	Focus
Fondo	Background
FormatoAjeno	FormatForeign
Formulario	Form
Girar	Rotate
Gobierno	Governance
Guardada	Saved
GuardarFavorito	SaveFavorite
GuardarPerfil	SaveProfile
HECHO_MS	DONE_MS
Hecho	Done
Hermana	Sibling
Historial	History
HistorialDeLado	SideHistory
Hueco	Slot
IMPLEMENTADOS_DIALOGO	IMPLEMENTADOS_DIALOG
INVISIBLES_OUTSIDE_DI	INVISIBLE_OUTSIDE_DI
IaInvalida	IaInvalid
IaNoDisponible	IaNoAvailable
Igualar	Equalize
ImagenColocada	ImagenPlaced
Indexado	Indexed
IndiceDeIrA	GoToIndex
Informe	Report
InformeDeSumas	ChecksumsReport
InformeDeSync	SyncReport
InstruccionIa	InstructionIa
Intercambiar	Swap
InvertirMarcas	InvertMarks
Juntar	Join
K_RUTA	K_PATH
LectorDelPty	PtyReader
Linea	Line
Lista	List
Listado	Listing
Lote	Batch
LuaDeCapa	LayerLua
MARGEN	MARGIN
MAX_EXTENSIONES	MAX_EXTENSIONS
MAX_FILAS_REGISTRO	MAX_ROWS_LOG
MAX_LINEAS	MAX_LINES
MAX_LINEAS_DIALOGO	MAX_LINES_DIALOG
MAX_LINEAS_REMOTAS	MAX_LINES_REMOTAS
MAX_NOMBRE	MAX_NAME
MAX_RAMAS	MAX_BRANCHES
MAX_REMOTO	MAX_REMOTE
MAX_RESULTADOS	MAX_RESULTS
MAX_SALIDA	MAX_OUTPUT
MAX_SALIDA_LINEAS	MAX_OUTPUT_LINES
MAX_SESIONES	MAX_SESSIONS
MINIATURA	THUMBNAIL
MINIATURA_MAX_EDGE	THUMBNAIL_MAX_EDGE
MINIMO_PARA_EL_INDICE	MINIMUM_FOR_THE_INDEX
Mando	Command
MapaContenido	MapContent
Marcar	Mark
MarcarClase	MarkClass
MarcarExtension	MarkExtension
MarcarHastaElBorde	MarkToEdge
MarcarPagina	MarkPage
MarcarPatron	MarkPatron
MarcarSubiendo	MarkSubiendo
MarcarTodo	MarkAll
MasEntradas	MoreEntries
MedidaDeMapa	MapMeasure
Mensaje	Message
Midiendo	Measuring
Miniatura	Thumbnail
MoverPestana	MoverTab
Movimiento	Move
NADA	NOTHING
NUCLEO	CORE
Nada	Nothing
NoEsta	NoThis
NoSeSabe	Unknown
Nombre	Name
Opciones	Options
Ordenar	Sort
Organizar	Organize
OrigenAPeticion	SourceAPeticion
Otro	Other
PAGINA	PAGE
PAGINA_DE_AYUDA	HELP_PAGE
PANTALLA	SCREEN
PENDIENTES_DE_GASTAR	PENDING_TO_SPEND
PESO_FINO	WEIGHT_FINO
PLAZO_APAGADO	DEADLINE_OFF
PLAZO_COMANDO	DEADLINE_COMMAND
PLAZO_IA	DEADLINE_IA
PLAZO_PANELES	DEADLINE_PANELS
PLAZO_PLUGINS	DEADLINE_PLUGINS
PLAZO_SONDEO	DEADLINE_PROBE
PLAZO_VISOR	DEADLINE_VISOR
POR_PAGINA	PER_PAGE
Pagina	Page
PaginaDeLinea	TimelinePage
PaginaDePlugin	PluginPage
Paleta	Palette
PanelContenido	PanelContent
PanelesDePlugin	PluginPanes
Pantalla	Screen
Paralelo	Parallel
Partir	Split
PartirFichero	SplitFile
Pausa	Pause
PausarTask	PauseTask
PedirTexto	RequestText
Pendiente	Pending
PerfilCargado	ProfileLoaded
PerfilElegir	ProfileChoose
PerfilGuardado	ProfileSaved
PerfilGuardarComo	ProfileSaveAs
PerfilVecino	ProfileVecino
Perfiles	Profiles
Permisos	Permissions
PestanaNueva	TabNew
PideSecreto	AsksSecret
PlanDeLote	BatchPlan
PlanOrganizar	PlanOrganize
PlantillaLote	TemplateBatch
PluginsDeAyuda	HelpPlugins
PluginsDePaleta	PalettePlugins
Populares	Popular
PorDefecto	Default
PreviewContenido	PreviewContent
PrimeraPagina	FirstPage
Progreso	Progress
Puerta	Gate
Quieto	Idle
RAIZ	ROOT
RSA_MINIMO_BITS	RSA_MIN_BITS
RamasDeArbol	TreeBranches
Rastro	Trail
Recorte	Crop
Refrescar	Refresh
RegistroNivel	LogLevel
RegistroRemoto	LogRemote
RegistroTic	LogTic
Reintentar	Retry
ReintentarTask	RetryTask
Reintento	Retry
Rejilla	Grid
Relevado	HandedOff
Relevo	Handoff
RenameLote	RenameBatch
Renombrar	Rename
RespuestaListado	ResponseListing
RestaurarMarcas	RestoreMarks
Resultado	RunOutcome
Resultados	Results
RevisionOrganizar	RevisionOrganize
Rotulos	Labels
RutaSource	PathSource
SECCION_COMANDOS	SECTION_COMMANDS
SECCION_CONEXIONES	SECTION_CONNECTIONS
SECCION_FAVORITOS	SECTION_FAVORITES
SECCION_HISTORIA	SECTION_HISTORY
SECCION_INDICE	SECTION_INDEX
SECCION_POPULARES	SECTION_POPULAR
SECCION_RUTA	SECTION_PATH
SECRETO	SECRET
SESION_TIC	SESSION_TIC
SIGUEN_AL_CURSOR	FOLLOW_THE_CURSOR
SLOT_LINEA	SLOT_LINE
SLOT_MAPA	SLOT_MAP
SONDEO	PROBE
SONDEOS_A_LA_VEZ	POLLS_AT_ONCE
SOPORTE	SUPPORT
SalidaDeComando	CommandOutput
SalidaPedida	OutputPedida
Salir	Exit
SaltoAtras	JumpBack
SeEjecuta	Runs
Secreto	Secret
SecretoEntregado	SecretEntregado
SeleccionDeTema	ThemeSelection
Semanticos	Semantic
Sesion	Session
SesionPuesta	SessionPlaced
SesionReleida	SessionReleida
SesionTic	SessionTic
SinAnillo	NoRing
SinIndice	NoIndex
SinPrograma	NoProgram
SinRespuesta	NoResponse
Sincronizacion	Sync
Sincronizar	Sync
Sirve	Serves
SitiosVolumenes	PlacesVolumes
SoloLectura	SoloRead
Soltar	Release
SpoolsBarridos	SpoolsSweeps
SpoolsSinBarrer	UnsweptSpools
Subir	Up
Sumas	Checksums
SumasEnVuelo	ChecksumsInFlight
SumasEncoladas	ChecksumsEncoladas
SyncAplicando	SyncApplying
SyncNoAplicado	SyncNoApplied
TABLA	TABLE
TECLAS	KEYS
TECLAS_LIGABLES	KEYS_LIGABLES
TECLAS_STREAM	KEYS_STREAM
TODA	ALL
TODAS	ALL
TOPE	CAP
TOPE_DEL_INDICE	INDEX_CAP
TOPE_POR_SECCION	CAP_PER_SECTION
TRAIDAS_POR_LISTA	BROUGHT_BY_LIST
TRES	THREE
Tamano	Size
TamanoDeDirectorio	DirectorySize
TaskDeLoteRechazada	BatchTaskRejected
TaskFallida	TaskFailed
TaskNueva	TaskNew
Tecleado	Typed
Tema	Theme
TemaPersistido	ThemePersistido
TemaResuelto	ThemeResolved
Terminada	Finished
Texto	Text
Tira	Strip
Todo	All
Traer	Bring
TrasConfianza	AfterTrust
USUARIO	USER
UndoDeSesion	SessionUndo
VACIO	EMPTY
VENTANA_COMPARACION	WINDOW_COMPARISON
Ver	View
Veredicto	Verdict
Vigencia	Validity
Volumenes	Volumes
VolumenesDeLado	SideVolumes
VolumenesDePie	FooterVolumes
YaNoEsElFichero	NoLongerTheFile
ZONA_PERMITIDA	ZONE_PERMITIDA
ZoomAjustar	ZoomFit
_anillo	_ring
_avisos	_notices
_ignora	_ignores
_ordenes	_commands
_progreso	_progress
a_deshacer	to_undo
a_donde	where_to
a_treinta_columnas_se_pinta_un_solo_pane_a_ancho_completo	at_thirty_columns_a_single_pane_paints_at_full_width
abajo	down
abajo_entra_por_encima_de_la_barra_de_estado	below_enters_above_the_status_bar
abierta	open
abiertas	open
abierto	open
abiertos	open
abre	opens
abre_parcial_verificado	opens_partial_verificado
abre_staging_estable	opens_staging_estable
abrir	open
abrir_agentes	open_agents
abrir_ajustes	open_settings
abrir_al_crear	open_on_create
abrir_aprobacion	open_approval
abrir_asistente	open_wizard
abrir_ayuda	open_help
abrir_columnas	open_columns
abrir_con	open_with
abrir_conexiones	open_connections
abrir_disposiciones	open_layouts
abrir_el_preview_no_se_lleva_el_teclado	opening_the_preview_does_not_take_the_keyboard
abrir_el_sidebar_no_toca_los_lados	opening_the_sidebar_does_not_touch_the_sides
abrir_extensiones	open_extensions
abrir_externo	open_external
abrir_historial	open_history
abrir_historial_de_lado	open_side_history
abrir_hotlist	open_hotlist
abrir_hueco_de_kind	open_slot_of_kind
abrir_informe	open_report
abrir_ir_a	open_go_to
abrir_lista_de_historia	open_history_list
abrir_lo_comprobado	open_the_checked
abrir_lo_creado	open_the_created
abrir_menu	open_menu
abrir_paleta	open_palette
abrir_panel_de_sync	open_sync_panel
abrir_panel_de_terminal	open_terminal_panel
abrir_populares	open_popular
abrir_revision	open_revision
abrir_splash	open_splash
abrir_sumas	open_checksums
abrir_tema	open_theme
abrir_terminal	open_terminal
abrir_una_pestana_desde_un_panel_suelto_lo_envuelve	opening_a_tab_from_a_loose_pane_wraps_it
abrir_visor	open_visor
abrir_volumenes	open_volumes
abrir_volumenes_con	open_volumes_with
abrir_volumenes_de_lado	open_side_volumes
abrir_volumenes_en	open_volumes_in
abrirlo_dos_veces_no_acuna_dos_huecos	opening_it_twice_does_not_nest_two_slots
acabo	ended
access_key_o_secret_vacios_son_error_local	empty_access_key_or_secret_is_local_error
accion	action
accion_de_comparacion	comparison_action
accion_ejecutable	action_executable
acciones	actions
acciones_de_ajustes	settings_actions
acciones_de_cromo	chrome_actions
acciones_de_fila	row_actions
acciones_de_overlay	overlay_actions
acciones_de_pantalla	screen_actions
acciones_del_host	host_actions
acciones_del_renderer	renderer_actions
acepta	accepts
acercar	zoom_in
acoplado	docked
acorde	chord
acorde_de_dialogo	dialog_chord
acorde_de_salida	exit_chord
activar	activate
activar_ajuste	activate_setting
activar_ajuste_por_raton	activate_setting_by_mouse
activar_clave	activate_key
activar_del_menu	activate_from_menu
activar_en_ayuda	activate_in_help
activar_fila_de_asistente	activate_wizard_row
activar_fila_de_splash	activate_splash_row
activar_perfil_de_fila	activate_profile_from_row
activar_pestana	activate_tab
activar_sitio	activate_place
activar_sitio_del_cursor	activate_place_at_cursor
activo	active
actuar_en_ayuda	act_in_help
adelante	forward
agarrar_antes_del_separador_no_salta_una_celda	grabbing_before_the_separator_does_not_skip_a_cell
agarrar_el_borde_no_selecciona_una_fila	grabbing_the_edge_does_not_select_a_row
age_sin_passphrase_es_error_si_existe_el_fichero	age_without_passphrase_is_an_error_if_the_file_exists
agent_es_anonimo_sin_secreto	agent_is_anonymous_without_a_secret
agente_ausente_es_error_claro	missing_agent_is_a_clear_error
agentes_de_referencia	reference_agents
agrandar_mueve_un_hijo_fijo_en_celdas	growing_moves_a_fixed_child_in_cells
agrandar_sube_el_peso_hasta_el_tope	growing_raises_the_weight_up_to_the_cap
agrandar_un_panel_le_da_sitio_y_al_otro_se_lo_quita	growing_one_pane_gives_it_room_and_takes_it_from_the_other
aguja	needle
ahora	now
ahora_ms	now_ms
ai_rename_confirm_vacio_no_devuelve_y_deja_diagnostico	ai_rename_confirm_empty_does_not_return_and_leaves_a_diagnostic
ai_rename_instruccion_conserva_texto_tras_fallo	ai_rename_instruction_keeps_text_after_failure
ajena	foreign
ajeno	foreign
ajuste_de	setting_of
ajuste_escrito	setting_written
ajuste_restablecido	setting_restablecido
ajustes	settings
ajustes_de_prueba	test_settings
ajustes_de_referencia	reference_settings
ajustes_escritura	settings_write
ajustes_extensiones	settings_extensions
ajustes_movidos	settings_movidos
ajustes_por_defecto	default_settings
ajustes_sobre	settings_over
al_abrir	on_open
al_bajar_el_tope_la_rama_de_delante_pierde_su_punta_lejana	lowering_the_cap_makes_the_forward_branch_lose_its_far_tip
al_cerrar_la_ultima_pestana_el_pane_recupera_su_fila	closing_the_last_tab_the_pane_recovers_its_row
al_confirmar	on_confirm
al_terminar_una_copia_se_relista_el_destino	finishing_a_copy_relists_the_destination
al_tomar_el_relevo_no_se_pisa_lo_que_guardaba_la_otra	taking_the_handoff_does_not_overwrite_what_the_other_saved
al_tomar_la_propiedad_se_vuelve_a_escribir	taking_ownership_writes_again
algo_encima_del_visor	something_above_the_viewer
algo_se_queda_las_teclas	something_keeps_the_keys
allow_con_cert_invalido_falla_cerrado	allow_with_invalid_cert_fails_closed
allow_degrada_a_plano_si_no_hay_tls	allow_degrades_to_plaintext_if_there_is_no_tls
almacen	store
alt_solo_abre_y_pliega_el_menu	alt_alone_opens_and_folds_the_menu
alt_solo_no_abre_el_menu_encima_de_un_dialogo	alt_alone_does_not_open_the_menu_over_a_dialog
alterado	altered
alterna	toggles
alternar_cola	toggle_cola
alternar_espejo_permanente	toggle_mirror_permanent
alternar_hueco	toggle_slot
alternar_menu	toggle_menu
alternar_ocultos	toggle_hidden
ambiguous_mutation_aplica_el_efecto_y_falla_transitorio	ambiguous_mutation_applies_the_effect_and_fails_transiently
ambiguous_mutation_cubre_las_cuatro_mutaciones	ambiguous_mutation_covers_the_four_mutations
anadir_un_favorito_lo_pinta_tambien_en_el_sidebar	adding_a_favorite_also_paints_it_in_the_sidebar
ancha	wide
ancho	width
ancho_c	width_c
ancho_de	width_of
ancho_en	width_in
ancho_izq	width_left
ancho_pedido	width_requested
ancho_soltado	width_released
ancho_zona	width_zone
anchos_de_preview_tras	preview_widths_after
ancla	anchor
ancla_leida	anchor_read
anillo	ring
anota_desenlace_de_lote	records_batch_outcome
anotar_tira	anotar_strip
anterior_foco	anterior_focus
antes	before
apaga_el_aviso	turns_off_the_notice
apagar	turn_off
apartar_una_pestana_no_cambia_la_que_se_esta_mirando	detaching_a_tab_does_not_change_the_one_being_viewed
apertura	opening
apilar_dialogo	apilar_dialog
aplicada	applied
aplicados	applied
aplicar	apply
aplicar_accion	apply_action
aplicar_adornos	apply_adornos
aplicar_arbol	apply_tree
aplicar_capacidades	apply_capabilities
aplicar_catalogo	apply_catalog
aplicar_catalogo_de_extensiones	apply_extensions_catalog
aplicar_catalogo_de_plugins	apply_plugins_catalog
aplicar_columnas	apply_columns
aplicar_conexiones	apply_connections
aplicar_config	apply_config
aplicar_de_fondo	apply_in_background
aplicar_desconexion	apply_desconexion
aplicar_disposicion	apply_layout
aplicar_disposicion_con	apply_layout_with
aplicar_disposicion_elegida	apply_layout_chosen
aplicar_efecto	apply_effect
aplicar_escritura	apply_write
aplicar_estilo	apply_style
aplicar_evento_de_sync	apply_sync_event
aplicar_ficha	apply_detail
aplicar_filas_comparadas	apply_rows_comparadas
aplicar_filas_de_plugin	apply_plugin_rows
aplicar_gobierno	apply_governance
aplicar_imagen	apply_imagen
aplicar_lote	apply_batch
aplicar_miniatura	apply_thumbnail
aplicar_pagina_de_plugin	apply_plugin_page
aplicar_patron	apply_patron
aplicar_perfil	apply_profile
aplicar_plan	apply_plan
aplicar_plan_de_lote	apply_batch_plan
aplicar_plan_de_organizar	apply_organize_plan
aplicar_plan_ia	apply_plan_ia
aplicar_ramas	apply_branches
aplicar_resultados	apply_results
aplicar_salida	apply_output
aplicar_semanticos	apply_semantic
aplicar_sesion	apply_session
aplicar_si_cabe	apply_si_fits
aplicar_sitios	apply_places
aplicar_sondas	apply_sondas
aplicar_tema	apply_theme
aplicar_volumenes	apply_volumes
aplicar_volumenes_de_pie	apply_footer_volumes
app_con_arbol	app_with_tree
app_con_gestor	app_with_manager
app_con_imagen_colocada	app_with_placed_image
app_con_las_dos_fuentes	app_with_both_sources
app_de_prueba	test_app
app_de_prueba_con	test_app_with
app_dos_panes	app_two_panes
app_remota	app_remote
app_vacia	app_empty
apply_cd_swapped_reconcilia_el_estado_del_run_loop	apply_cd_swapped_reconciles_run_loop_state
aprobacion_aprueba_con_approve_y_deniega_con_deny_cancel	approval_approves_with_approve_and_denies_with_deny_cancel
aprobacion_ignora_confirm	approval_ignores_confirm
aprobaciones	approvals
aprobada	approved
aprobar_o_denegar	approve_or_deny
aprobar_pregunta_y_enumera_las_capabilities	approving_asks_and_lists_the_capabilities
aprobar_revision_ia	approve_revision_ia
aprobar_revision_organizar	approve_revision_organize
aqui	here
arb_bindings_contador	arb_bindings_counter
arb_pulsacion	arb_keypress
arbol	tree
arbol_arbitrario	tree_arbitrario
arbol_como_falso	tree_as_fake
arbol_con_esquema	tree_with_scheme
arbol_con_hallazgos	tree_with_findings
arbol_con_plugins	tree_with_plugins
arbol_con_ramas	tree_with_branches
arbol_de	tree_of
arbol_de_arranque	startup_tree
arbol_de_organizar_de_referencia	reference_organize_tree
arbol_de_prueba	test_tree
arbol_de_ramas	branch_tree
arbol_grande_con_plugins	large_tree_with_plugins
arbol_layout	tree_layout
arbol_mio	tree_mio
arbol_ponderado	tree_ponderado
archive_limits_ultimo_gana_y_proyecto_no_los_toca	archive_limits_last_one_wins_and_project_does_not_touch_them
archivo	archive
area_no_vacia	area_no_empty
args_mal_tipados_son_error_no_degradacion	args_bad_tipados_son_error_no_degradacion
argv_resuelto	argv_resolved
arrancar	start
arrancar_con	start_with
arrancar_con_marca	start_with_mark
arrancar_si_falta	start_si_missing
arranque	startup
arrastra	drags
arrastrar_borde	drag_edge
arrastrar_el_borde_de_un_fijo_lo_escribe_en_celdas	dragging_the_edge_of_a_fixed_one_writes_it_in_cells
arrastrar_el_borde_de_una_columna_cambia_su_ancho_y_pide_guardarlo	dragging_a_column_edge_changes_its_width_and_asks_to_save_it
arrastrar_el_borde_mueve_la_frontera_entre_los_panes	dragging_the_edge_moves_the_boundary_between_the_panes
arrastrar_el_borde_reparte_la_pareja	dragging_the_edge_splits_the_pair
arrastrar_el_borde_reparte_los_dos_huecos	dragging_the_edge_splits_the_two_slots
arrastrar_el_titulo_mueve_el_panel	dragging_the_title_moves_the_pane
arrastrar_hasta_el_extremo_deja_hueco_a_los_dos	dragging_to_the_end_leaves_room_for_both
arrastrar_pareja	drag_pair
arrastrar_una_pareja_no_aplasta_al_tercero	dragging_a_pair_does_not_crush_the_third
arriba	up
asistente	wizard
asistente_de_referencia	reference_wizard
ask_secret_acepta_confirm_y_no_approve	ask_secret_accepts_confirm_and_not_approve
ask_secret_vacio_no_confirma_pero_si_cancela	ask_secret_empty_does_not_confirm_but_does_cancel
assert_fila	assert_row
ata	binds
atado	bound
atar_la_creacion	bind_the_creation
atenuado	dimmed
aterriza_en	lands_on
aterrizar	land
aterrizar_listado	land_listing
aterrizar_lote	land_batch
aterrizar_mapa	land_map
aterrizar_nivel	land_level
aterrizar_nivel_remoto	land_level_remote
aterrizar_pagina	land_page
aterrizar_panel	land_panel
aterrizar_preview	land_preview
aterrizar_registro_remoto	land_log_remote
aterrizar_sondas	land_sondas
aterrizar_tail	land_tail
atras	back
atributos_procesos	attributes_processes
auth_degrada_a_permission_denied	auth_degrades_to_permission_denied
auth_key_no_aplica_a_ftp	auth_key_does_not_apply_to_ftp
auth_por_agente	auth_by_agent
auth_por_clave_ed25519_cifrada	auth_by_encrypted_ed25519_key
auto_usa_kitty_solo_si_el_terminal_sabe	auto_uses_kitty_only_if_terminal_knows
avisa	warns
avisar_de_aprobacion	notify_of_approval
avisar_del_desenlace	notify_of_outcome
aviso	notice
aviso_de_arranque	startup_notice
aviso_de_daemon	daemon_notice
aviso_de_imagen	image_notice
aviso_de_nivel	level_notice
aviso_de_plugin	plugin_notice
aviso_layout	notice_layout
avisos	notices
avisos_de_destino	destination_notices
avisos_plugin	notices_plugin
avisos_rx	notices_rx
avisos_tx	notices_tx
ayuda	help
ayuda_con_fila	help_with_row
ayuda_de_extension	extension_help
ayuda_de_referencia	reference_help
back_dado	back_given
backend_falso	backend_fake
badge_sobrevive_al_truncado_en_pane_estrecho	badge_survives_truncation_in_a_narrow_pane
bajar	down
bajar_region	down_region
bajo	below
bajo_el_cursor	under_the_cursor
banda	band
banner_nuevo	banner_new
barra	bar
barra_de_paneles_de_referencia	reference_pane_bar
barra_de_sitios	places_bar
barra_en_columna	bar_in_column
barra_nueva	bar_new
base_de_trozos	chunk_base
begin_search_limpia_los_previews_anteriores	begin_search_clears_previous_previews
bindings_expuestos_reflejan_las_capas	exposed_bindings_reflect_the_layers
bindings_solo_devuelve_lo_ejecutable	bindings_only_returns_what_is_executable
blocks_a_kitty_no_toca_el_modo_pineado	blocks_to_kitty_does_not_touch_pinned_mode
blocks_no_usa_kitty_aunque_el_terminal_sepa	blocks_does_not_use_kitty_even_if_the_terminal_knows
bloque	block
bloques	blocks
bombear_avisos_de_plugin	pump_plugin_notices
bombear_tic_de_sesion	pump_session_tick
borde	edge
borde_de_la_segunda_columna	edge_of_the_second_column
borde_y	border_and
borrado	deleted
borrar	delete
borrar_celdas	delete_cells
borrar_colocada	delete_placed
borrar_de_verdad	delete_for_real
borrar_fila	delete_row
borrar_linea	delete_line
borrar_nombra_solo_ese_id_y_libera_los_datos	deleting_names_only_that_id_and_frees_the_data
borrar_pantalla	delete_screen
boton	button
boton_de_pestana	tab_button
botones	buttons
botones_de_paneles	pane_buttons
buenas	good
build_diagnostics_keymap_valido_sin_hallazgos	build_diagnostics_valid_keymap_without_findings
build_diagnostics_lua_charset_invalido_es_structural	build_diagnostics_lua_charset_invalid_es_structural
build_diagnostics_reporta_todos_los_desconocidos_en_una_pasada	build_diagnostics_reports_all_unknowns_in_one_pass
build_valida_contra_el_known_commands_dado	build_validates_against_the_given_known_commands
buscar	search
buscar_ajuste	search_setting
buscar_finds_by_wire_name	search_finds_by_wire_name
buscar_rapido	search_fast
busqueda	search
busqueda_de_referencia	reference_search
busqueda_rota	search_broken
buzon_fichero	buzon_file
bytes_de_carga	payload_bytes
bytes_de_ruta	path_bytes
cabe	fits
cabecera	header
cabecera_de	header_of
cabeceras	headers
cabeceras_de_todos	headers_of_all
cabeza	head
cada_boton_de_la_barra_cae_en_su_sitio	every_bar_button_falls_into_its_place
cada_cambio_cruza_el_bridge	every_change_crosses_the_bridge
cada_color_acordado_lo_gasta_la_hoja	every_agreed_color_is_spent_by_the_sheet
cada_hueco_del_nucleo_en_un_preset_esta_decidido	every_core_slot_in_a_preset_is_decided
cada_motivo_tiene_su_veredicto	every_reason_has_its_verdict
cada_nivel_tiene_su_letra	every_level_has_its_letter
cada_pestana_conserva_su_cursor	every_tab_keeps_its_cursor
cada_pestana_conserva_su_historial	every_tab_keeps_its_history
cada_prefijo_resuelve_a_lo_suyo	every_prefix_resolves_to_its_own
cada_variable_de_color_la_alimenta_el_tema	every_color_variable_is_fed_by_the_theme
cada_variante_de_enum_tiene_su_fixture	every_enum_variant_has_its_fixture
caduca_aprobacion	expires_approval
caducar_aviso	caducar_notice
calculada	computed
calculado	computed
calcular_sumas_abre_el_dialogo_con_sus_filas	calculating_checksums_opens_the_dialog_with_its_rows
cambia	changes
cambia_de_perfil	switches_profile
cambia_el_estado	changes_the_state
cambia_esquema	changes_scheme
cambiado	changed
cambian_cabeceras	change_headers
cambiar_de_layout_conserva_los_listados_que_ya_habia	changing_layout_keeps_the_listings_that_were_already_there
cambiar_de_listado_cambia_el_objetivo	changing_listing_changes_the_target
cambiar_de_listado_cambia_lo_que_ensena	changing_listing_changes_what_it_shows
cambiar_de_perfil	switch_profile
cambiar_de_raiz_vacia_lo_leido	changing_root_empties_what_was_read
cambiar_lado	change_side
cambiar_permisos	change_permissions
cambiar_permisos_teclea_y_encola	changing_permissions_types_and_queues
cambiar_tema	change_theme
cambio	change
cambio_de_banners	banner_change
cambio_de_conexion	connection_change
cambio_de_filas	row_change
cambio_de_filas_de	row_change_for
cambios	changes
cambios_de_linea	line_changes
cambios_de_listado	listing_changes
cambios_de_overlay	overlay_changes
cambios_de_pantalla	screen_changes
cambios_del_listado	listing_changes
cambios_del_resto	rest_changes
campo	field
campo_ilegible	field_unreadable
campos	fields
campos_de_busqueda	search_fields
campos_s3_opcionales_no_rompen_sftp	optional_s3_fields_do_not_break_sftp
cancel_del_agente_retira_el_ask_el_humano_no_ejecuta	agent_cancel_withdraws_the_ask_the_human_does_not_execute
cancelar	cancel
cancelar_edicion	cancel_edit
cancelar_el_plan_desde_el_tablero_lo_dice_en_el_panel	cancelling_the_plan_from_the_dashboard_says_so_in_the_pane
cancelar_mata_el_script_y_sus_tasks	cancelling_kills_the_script_and_its_tasks
cancelar_por_comando	cancel_by_command
cancelar_sin_tasks_lo_dice	cancel_without_tasks_says_so
cancelar_sondeo	cancel_probe
cancelar_suelta_el_teclado_y_su_tecla_cierra_desde_dentro	cancelling_releases_the_keyboard_and_its_key_closes_from_inside
cancelar_una_colision_no_reintenta	cancelling_a_collision_does_not_retry
cancelled_abandona_el_tool_en_vuelo_sin_respuesta	cancelled_abandons_the_in_flight_tool_without_a_response
cancelled_conserva_el_fill	cancelled_keeps_the_fill
candidatos	candidates
capa	layer
capa_puede_extender_dialog	layer_can_extend_dialog
capacidades	capabilities
capas	layers
capas_actuales	layers_actuales
capas_con_perfil	layers_with_profile
capas_con_perfil_en	layers_with_profile_in
capas_lua_descartadas	layers_lua_discarded
capas_multiples_se_pliegan_por_precedencia	multiple_layers_fold_by_precedence
capas_vistas	layers_vistas
capas_yazi_prepend_pisa_y_append_solo_anade	yazi_layers_prepend_overrides_and_append_only_adds
caps_de_ruta	path_caps
caps_destino	caps_dest
captura	capture
capturar_sesion	capture_session
capturar_sesion_con_marcas	capture_session_with_marks
capturar_sesion_para_relevo	capture_session_for_handoff
capturar_y_aplicar_es_la_identidad	capture_and_apply_is_the_identity
cara	side
cargada	loaded
cargando_hacia	loading_toward
cargar_timeline	load_timeline
carpeta	folder
carpetas	folders
casa	home
caso	case
casos	cases
catalogo	catalog
catalogo_aplicado	catalog_applied
catalogo_de	catalog_of
catalogo_s3	catalog_s3
categoria	category
causa	cause
ceder	yield_
celda	cell
celdas	cells
celdas_de_plugin	plugin_cells
celdas_del_par	pair_cells
celdas_plugin	cells_plugin
cero	zero
cerrada	closed
cerrado	closed
cerrado_no_pinta_nada	closed_paints_nothing
cerrar_comparacion	close_comparison
cerrar_devuelve_el_arbol_de_antes	closing_returns_the_previous_tree
cerrar_el_selector_sin_elegir_no_transfiere	closing_the_selector_without_choosing_does_not_transfer
cerrar_el_sidebar_devuelve_el_arbol_de_antes	closing_the_sidebar_returns_the_previous_tree
cerrar_el_unico_hueco_no_se_hace_solo	closing_the_only_slot_does_not_happen_by_itself
cerrar_el_visor_limpia_tambien_su_miniatura	closing_the_viewer_also_clears_its_thumbnail
cerrar_ficha	close_detail
cerrar_hueco	close_slot
cerrar_hueco_de_kind	close_slot_of_kind
cerrar_ir_a	close_go_to
cerrar_la_penultima_pestana_disuelve_el_grupo	closing_the_second_to_last_tab_dissolves_the_group
cerrar_menu	close_menu
cerrar_pestana	close_tab
cerrar_revision_ia	close_revision_ia
cerrar_revision_organizar	close_revision_organize
cerrar_salida	close_output
cerrar_salida_de_programa	close_program_output
cerrar_sincronizacion	close_sync
cerrar_splash	close_splash
cerrar_suelta_las_lineas_pero_no_lo_que_se_sabe_del_daemon	closing_releases_the_lines_but_not_what_is_known_about_the_daemon
cerrar_un_hueco_deja_su_estado_huerfano	closing_a_slot_leaves_its_state_orphaned
cerrar_un_hueco_disuelve_el_split_de_dos	closing_a_slot_dissolves_the_split_of_two
cerrar_un_hueco_se_lleva_su_tamano	closing_a_slot_takes_its_size_with_it
cerrar_un_panel_suelto_no_es_cerrar_una_pestana	closing_a_loose_pane_is_not_closing_a_tab
cerrar_una_pestana_anterior_arrastra_el_activo	closing_an_earlier_tab_drags_the_active_one
chord_malo_gana_al_comando_desconocido	bad_chord_wins_over_unknown_command
chord_new_normaliza_shift_en_chars_pero_no_en_otras_teclas	chord_new_normalizes_shift_in_chars_but_not_in_other_keys
ciclar_encoding	cycle_encoding
ciclar_pestana	cycle_tab
cierre	close
cierre_sync	close_sync
cifra	figure
clase	class
clase_de_task	task_class
clase_del_futuro	future_class
clase_por_nombre	class_by_name
clases	classes
clases_decoradas	classes_decoradas
clave	key
clave_cambiada_es_mismatch	key_cambiada_es_mismatch
clave_de_aprobacion_perdida	lost_approval_key
clave_de_io	io_key
clave_de_otro_algoritmo_es_mismatch_no_unknown	key_of_another_algorithm_is_a_mismatch_not_unknown
clave_de_sesion	session_key
clave_desconocida_es_error_claro	unknown_key_is_a_clear_error
clave_rsa_con_allow_rsa_autentica	rsa_key_with_allow_rsa_authenticates
clave_rsa_contra_servidor_solo_sha1_es_error	rsa_key_against_sha1_only_server_is_an_error
clave_rsa_rechazada_sin_red	rsa_key_rejected_without_network
claves	keys
claves_pedidas	keys_pedidas
clic	click
clic_en_mapa	click_on_map
clic_en_panel	click_on_pane
clic_en_una_fila_del_gestor_la_elige_y_repetirlo_abre_sus_ajustes	clicking_a_manager_row_selects_it_and_repeating_it_opens_its_settings
cmd_es_su_propio_modificador_y_no_es_ctrl	cmd_is_its_own_modifier_and_is_not_ctrl
codigos	codes
colision	collision
colision_elige_politica_o_cancela	collision_chooses_policy_or_cancels
colision_ignora_confirm_y_deny	collision_ignores_confirm_and_deny
colocacion	placement
colocaciones_de_referencia	reference_placements
colocados	placed
colocar_lleva_el_id_el_tamano_y_base64	placing_carries_the_id_the_size_and_base64
columna	column
columna_plugin_configurada_pinta_cabecera_y_celda	configured_plugin_column_paints_header_and_cell
columnas	columns
columnas_con_tamano_exacto	columns_with_exact_size
columnas_de	columns_of
columnas_de_referencia	reference_columns
columnas_pedidas	columns_pedidas
columnas_por_defecto	default_columns
comando	command
comando_de_daemon	daemon_command
comando_desconocido_es_error_de_carga	unknown_command_is_a_load_error
comandos_de	commands_of
comandos_de_id	id_commands
comillas	quotes
como_dir	as_dir
como_texto	as_text
comparacion	comparison
comparacion_activa	comparison_active
comparacion_de_referencia	reference_comparison
comparacion_filtra	comparison_filters
comparacion_selecciona	comparison_selecciona
comparacion_ventana	comparison_window
comparar	compare
comparar_ficheros	compare_files
compare_con_limit_bajo_trunca_y_cancela	compare_with_low_limit_truncates_and_cancels
compare_devuelve_las_filas_con_valores_de_wire	compare_returns_the_rows_with_wire_values
compare_nombre_hostil_viaja_como_wire_fiel	compare_hostile_name_travels_faithfully_on_the_wire
compare_pregunta_en_left_y_right_como_contesta	compare_asks_with_the_same_names_it_answers_with
compare_size_probe_targets_ignora_dir_y_lo_ya_hidratado	compare_size_probe_targets_ignores_dir_and_already_hydrated
completo_exige_que_las_filas_cuadren_con_las_emitidas	complete_requires_rows_to_match_the_emitted_ones
componer	compose
comprobado	checked
comprobados	checked
comprobar_archivo	check_archive
comprobar_un_archivo_exige_que_lo_sea	checking_a_file_requires_it_to_be_one
con_algo_encima_no_se_coloca_aunque_el_path_case	with_something_on_top_it_is_not_placed_even_though_the_path_matches
con_ancho_impar_los_dos_paneles_suman_el_frame	with_odd_width_the_two_panes_add_up_to_the_frame
con_conexiones	with_connections
con_cromo	with_chrome
con_dos_browsers_el_destino_es_el_otro	with_two_browsers_the_destination_is_the_other
con_el_ancla_en_una_pestana_el_acople_va_fuera_del_grupo	with_the_anchor_on_a_tab_the_docking_goes_outside_the_group
con_el_apply_en_vuelo_escape_no_cierra	with_apply_in_flight_escape_does_not_close
con_el_panel_del_plan_delante_no_se_pide_otro	with_the_plan_pane_in_front_no_other_is_requested
con_el_rect_vacio_no_se_coloca	with_an_empty_rect_it_is_not_placed
con_el_sidebar_abierto_y_el_teclado_fuera_la_tecla_lo_enfoca	with_the_sidebar_open_and_the_keyboard_outside_the_key_focuses_it
con_el_teclado_dentro_el_sidebar_cambia_de_ancho	with_the_keyboard_inside_the_sidebar_changes_width
con_filas	with_rows
con_foco	with_focus
con_historial	with_history
con_ids_repetidos_apartar_cromo_no_pierde_un_hueco	with_repeated_ids_detaching_chrome_does_not_lose_a_slot
con_indice	with_index
con_la_fila_de_subir_el_listado_la_lleva_primera	with_the_parent_row_the_listing_puts_it_first
con_la_ventana_delante_no_se_avisa_fuera	with_the_window_in_front_no_outside_warning_is_shown
con_lineas	with_lines
con_los_perfiles	with_the_profiles
con_mayus	with_shift
con_miniatura_colocada_no_se_avisa_de_nada_en_kitty	with_thumbnail_placed_nothing_is_warned_in_kitty
con_mouse_false_no_hay_captura_ni_manejo	with_mouse_false_no_capture_or_handling
con_nota	with_note
con_perfil_activo_el_destino_es_el_perfil	with_active_profile_the_destination_is_the_profile
con_previewer_no_se_avisa_de_nada	with_previewer_nothing_is_warned
con_raiz	with_root
con_salida	with_output
con_sitios	with_places
con_tres_listados_el_destino_no_se_adivina	with_three_listings_the_destination_is_not_guessed
con_tres_paneles_cerrar_uno_vuelve_a_dos	with_three_panes_closing_one_goes_back_to_two
con_tres_paneles_no_hay_destino_hasta_que_se_designa	with_three_panes_there_is_no_destination_until_one_is_designated
con_un_campo_abierto_las_teclas_no_contestan	with_a_field_open_keys_do_not_respond
con_un_overlay_abierto_el_raton_no_toca_los_panes	with_an_overlay_open_the_mouse_does_not_touch_the_panes
con_un_overlay_delante_la_barra_no_se_pulsa	with_an_overlay_in_front_the_bar_is_not_clickable
con_un_panel_el_destino_lo_elige_el_escritorio	with_one_pane_the_desktop_chooses_the_destination
con_un_solo_browser_no_hay_destino	with_a_single_browser_there_is_no_destination
con_un_solo_hueco_ciclar_se_queda_en_el	with_a_single_slot_cycling_stays_on_it
con_un_solo_listado_una_copia_pregunta_el_destino	with_a_single_listing_a_copy_asks_for_the_destination
con_una_pestana_abierta_la_geometria_sigue_cuadrando	with_one_tab_open_the_geometry_still_adds_up
con_varios_candidatos_no_hay_destino_por_defecto	with_several_candidates_there_is_no_default_destination
conceder	grant
conceder_aprobacion	grant_approval
conditional_write_cierra_la_ventana_de_carrera	conditional_write_closes_the_race_window
conexion	connection
conexion_fallida	connection_failed
conexiones	connections
conexiones_de_ir_a	goto_connections
confirm_acepta_confirm_y_approve	confirm_accepts_confirm_and_approve
confirmacion	confirmation
confirmacion_acepta_y_cancela	confirmation_accepts_and_cancels
confirmar_actua_sobre_el_panel_y_no_sobre_el_listado	confirming_acts_on_the_pane_and_not_on_the_listing
confirmar_aplica_y_cancelar_no_toca_nada	confirm_applies_and_cancel_touches_nothing
confirmar_config	confirm_config
confirmar_edicion	confirm_edit
confirmar_el_destino_abre_el_modal_de_siempre	confirming_the_destination_opens_the_usual_modal
confirmar_el_destino_de_origen_lo_dice_en_el_prompt	confirming_the_source_destination_says_so_in_the_prompt
confirmar_es_inerte_en_el_registro_y_su_propia_tecla_lo_cierra	confirm_is_inert_in_the_log_and_its_own_key_closes_it
confirmar_ir_a	confirm_go_to
confirmar_rename	confirm_rename
confirmar_texto	confirm_text
confirmar_transferencia	confirm_transfer
confirmar_valor_de_ajuste	confirm_setting_value
conflicto	conflict
connect_endpoint_muerto_falla_en_el_probe	connect_to_dead_endpoint_fails_at_the_probe
connect_valida_y_opera	connect_validates_and_operates
consulta	query
consultar	query
consultar_soporte	query_support
contar_tamano	count_size
contenido	content
contenido_de_hueco	slot_content
contexto	context
contexto_calculado	context_computed
contexto_de_ayuda	help_context
copia	copy
copia_la_seleccion_al_otro_pane_renombrada	copies_the_selection_to_the_other_pane_renamed
copiado	copied
copiar	copy
copiar_compone_el_destino_en_rust	copying_composes_the_destination_in_rust
copiar_la_ruta_manda_bytes_al_escritorio	copying_the_path_sends_bytes_to_the_desktop
copiar_pide_confirmacion_y_dice_a_donde	copying_asks_for_confirmation_and_says_where_to
copiar_rutas	copy_paths
copiar_sobre_el_propio_directorio_se_rechaza	copying_onto_its_own_directory_is_rejected
copy_con_scope_completa_y_fuera_de_scope_es_accionable	copy_with_scope_completes_and_out_of_scope_is_actionable
copy_native_byte_exacto_nombre_hostil	copy_native_byte_exact_hostile_name
copy_native_destino_dir_es_conflict	copy_native_dest_dir_es_conflict
copy_native_destino_existente_es_conflict	copy_native_existing_destination_is_conflict
copy_native_origen_ausente_es_not_found	copy_native_source_ausente_es_not_found
copy_native_origen_dir_es_typemismatch	copy_native_source_dir_es_typemismatch
copy_native_padre_del_destino_ausente_es_not_found	copy_native_missing_destination_parent_is_not_found
corte	cutoff
corto	short
cr_only_se_parte_en_lineas	cr_only_splits_into_lines
creado_aparece_como	creado_appears_as
crear_buzon	create_buzon
crear_directorio	create_directory
crear_fichero	create_file
criteria_vacia_es_error_en_las_dos_tools	empty_criteria_is_an_error_in_both_tools
criteria_vacia_es_error_y_no_el_default_del_wire	empty_criteria_is_error_not_wire_default
criterio_de_salida_m3_agente_bajo_ask_con_undo	m3_exit_criteria_agent_under_ask_with_undo
cromo_de_mayor_a_menor	chrome_high_to_low
crudo	raw
crudos	raw
ctrl_click_marca_y_desmarca_la_fila_pulsada	ctrl_click_marks_and_unmarks_the_clicked_row
cual	which
cuando_no_cabe_nada_se_pinta_uno_igualmente	when_nothing_fits_one_is_painted_anyway
cuantas	how_many
cuanto	how_much
cuantos	how_many
cuenta	count
cuerpo	body
cuerpo_de_lote	batch_body
cuerpo_de_undo	undo_body
cuerpo_escrito	body_written
cursor_a_restaurar	cursor_to_restore
cursor_antes	cursor_before
cursor_del_listado	listing_cursor
cursor_del_tablero	board_cursor
cursor_en_pane_vacio_no_revienta	cursor_in_empty_pane_does_not_crash
cursor_navega_con_topes	cursor_navigates_with_caps
cursor_procesos	cursor_processes
cursores_de_registro	log_cursors
cursores_pedidos	cursors_pedidos
d_hostil	d_hostile
datos	data
de_la_ventana	of_the_window
de_nodo	for_node
de_otro_fichero	from_another_file
de_un_conflicto_se_conservan_los_huecos_ajenos	from_a_conflict_the_other_slots_are_kept
debe_pedir	must_request
decidir_revision_ia	decide_revision_ia
decidir_revision_organizar	decide_revision_organize
decir	say
decir_con	say_with
decir_de_ia	ai_say
decir_de_organizar	say_from_organize
decir_el_recuento	report_the_count
declara	declares
declarado	declared
defaults_sin_ninguna_capa	defaults_without_any_layer
degradacion_evita_rgb_en_terminal_pobre	degradation_avoids_rgb_on_poor_terminal
degradada	degraded
del_entorno	from_env
del_listado	of_the_listing
del_panel_de_procesos_se_sale_tabulando	tabbing_exits_the_processes_panel
delante	ahead
dentro	inside
deny_unknown_rechaza_secreto_inline	deny_unknown_rejects_inline_secret
der	right
der_antes	right_before
der_hostil	right_hostile
derecha	right
desalojar_del_tablero	evict_from_board
desc_hostil	desc_hostile
descartar_task	discard_task
desconectar	disconnect
desconectar_no_vuelve_a_la_misma_maquina	disconnecting_does_not_return_to_the_same_machine
desconectar_vuelve_a_donde_estaba_antes	disconnecting_returns_to_where_it_was_before
desconocido	unknown
descripcion	description
desde	from
desempaquetar	unpack
desenlace	outcome
desenlace_de_busqueda	search_outcome
deshacer_hasta	undo_until
deshacer_sesion	undo_session
deshaciendo	undoing
deshecha	undone
deshechos_hasta	deshechos_until
designar_destino	designar_dest
desinstalar_confirmada	uninstall_confirmada
despachar_clic	despachar_click
despertar_tira	despertar_strip
despertar_visibles	despertar_visible
desplazar	scroll
desplazar_preview	scroll_preview
desplazar_registro	scroll_log
desplazar_visor	scroll_visor
desplegar_menu	expand_menu
despues	after
dest_sigue_ahi_o_falla	dest_still_there_or_fails
destino	dest
destino_del_gesto	gesture_destination
destino_elegido	dest_chosen
destino_en_espejo	mirrored_destination
destino_encoding	dest_encoding
destino_hostil	dest_hostile
destino_id	dest_id
destino_linea	dest_line
destino_pendiente	dest_pending
destino_slot	dest_slot
destino_tras_desconectar	dest_after_disconnect
destino_x	dest_x
destino_y	destination_and
detalle	detail
detalle_de_lote	batch_detail
detalle_de_task	task_detail
detalle_publico	detail_publico
diagnostico	diagnostic
dialog_context_se_parsea_y_construye	dialog_context_is_parsed_and_built
dialogo	dialog
dialogo_de_referencia	reference_dialog
dialogos	dialogs
dibujar	draw
dibujo	drawing
dicho	said
dir_antes	dir_before
dir_de_escritura	write_dir
dir_de_perfiles	profiles_dir
dir_en_curso	current_dir
dir_pedido	dir_requested
dir_sin_archivos_no_molesta	dir_without_files_does_not_bother
dir_sistema	dir_system
dir_usuario	dir_user
directorio_destino	directory_dest
dirs_visibles	dirs_visible
display_marca_toda_perdida_y_neutraliza_controles	display_marks_everything_lost_and_neutralizes_controls
disposicion	layout
disposicion_de_referencia	reference_layout
disposiciones	layouts
disposiciones_de_referencia	reference_layouts
disposiciones_del_usuario	user_layouts
distintas	different
distintos	different
dock_derecha_va_al_final	right_dock_goes_last
dock_izquierda_entra_en_el_split_del_cuerpo	dock_left_enters_the_body_split
donde	where_
donde_volver_tras_desconectar	where_to_return_after_disconnecting
dos	two
dos_browsers_al_cincuenta_por_ciento	two_browsers_at_fifty_percent
dos_clicks_lejanos_en_tiempo_o_en_fila_no_son_un_doble	two_clicks_far_apart_in_time_or_row_are_not_a_double
dos_gemelos_de_caja_hacia_un_destino_sensible_si_se_encolan	two_box_twins_toward_a_sensitive_destination_if_queued
dos_listados_cojos_de_ejes_distintos_no_hacen_una_pantalla_buena	two_lame_listings_of_different_axes_do_not_make_a_good_screen
dos_marcados_son_la_pareja	two_marked_ones_are_the_pair
dos_marcas_pliegan_igual	two_marks_fold_the_same
dos_marcas_que_pliegan_al_mismo_nombre_no_se_encolan	two_marks_that_fold_to_the_same_name_do_not_queue
dos_nombres_invalidos_distintos_siguen_siendo_distintos	two_different_invalid_names_stay_different
dos_nombres_que_colapsan_en_texto_no_colapsan_aqui	two_names_that_collapse_in_text_do_not_collapse_here
dos_paneles_con_destino_aparte	two_panes_with_separate_destination
dos_paneles_con_destino_aparte_inner	two_panes_with_separate_destination_inner
dos_paneles_en_disco	two_panes_on_disk
draw_tiras_de_paneles	draw_pane_strips
drenar_fotos	drenar_snapshots
drop_cierra_el_pipeline	drop_closes_the_pipeline
drop_entero_cierra_el_pipeline	dropping_entirely_closes_the_pipeline
duena	owner
durante	during
echo_del_servidor_no_llega_al_error	server_echo_does_not_reach_the_error
editar_externo	edit_external
editar_filtro	edit_filter
editar_uno_nuevo_crea_el_fichero_y_lo_abre	editing_a_new_one_creates_the_file_and_opens_it
editar_uno_nuevo_no_se_ofrece_en_un_panel_remoto	editing_a_new_one_is_not_offered_in_a_remote_pane
efectivo	effective
efectivo_visor	effective_visor
efecto	effect
efecto_de	effect_of
efecto_de_disposicion	layout_effect
efecto_de_listado	listing_effect
efecto_en_linea	timeline_effect
efecto_en_panel_enfocado	effect_on_focused_pane
efecto_en_sitios	places_effect
efecto_que_abre	effect_that_opens
efecto_que_muta	effect_that_mutates
efecto_sobre_entradas	effect_over_entries
efecto_visor_de	viewer_effect_of
efectos	effects
efectos_declarados	effects_declarados
ejecutar	execute
ejecutar_de_archivo	run_from_file
ejecutar_de_plugin	run_from_plugin
ejecutar_de_renamer	run_from_renamer
ejecutar_del_menu	run_from_menu
ejecutar_pendiente	run_pending
ejecutar_por_paleta	run_by_palette
ejecutar_por_paleta_ack	execute_via_palette_ack
ejes_cortos	ejes_short
el_alias_cuenta_como_su_modificador_para_el_repetido	the_alias_counts_as_its_modifier_for_the_repeat
el_anillo_no_se_para_en_la_hoja_de_atributos	the_ring_does_not_stop_at_the_attributes_sheet
el_arbol_agrupa_por_carpeta	the_tree_groups_by_directory
el_arbol_hace_round_trip	the_tree_round_trips
el_arbol_pide_una_rama_y_solo_al_abrirla	the_tree_requests_a_branch_and_only_when_opening_it
el_arbol_round_trippea_en_toml	the_tree_round_trips_in_toml
el_arbol_sigue_al_listado_que_navega	the_tree_follows_the_listing_that_navigates
el_aviso_de_bloques_y_el_de_kitty_son_textos_distintos	the_blocks_warning_and_the_kitty_one_are_different_texts
el_aviso_no_se_come_la_posicion_de_scroll	the_warning_does_not_eat_the_scroll_position
el_aviso_no_se_come_la_posicion_de_scroll_en_ingles	the_warning_does_not_eat_the_scroll_position_in_english
el_borde_de_los_detalles_se_arrastra_desde_el_segundo_listado	the_details_edge_is_dragged_from_the_second_listing
el_borde_del_registro_se_arrastra_desde_los_detalles	the_log_edge_is_dragged_from_the_details
el_borde_derecho_salta_despues_y_no_antes	the_right_edge_jumps_after_and_not_before
el_borde_entre_primos_mueve_su_pareja	the_edge_between_cousins_moves_its_pair
el_boton_de_una_pestana_actua_sobre_su_grupo_y_no_sobre_el_del_foco	a_tab_button_acts_on_its_group_and_not_on_the_focused_one
el_browser_declara_su_minimo_y_puede_tomar_los_dos_roles	the_browser_declares_its_minimum_and_can_take_both_roles
el_bundle_no_llama_a_casa	the_bundle_does_not_phone_home
el_campo_lee_las_formas_de_chmod	the_field_reads_the_chmod_forms
el_catalogo_de_tools_no_tiene_dos_convenciones	the_tools_catalog_does_not_have_two_conventions
el_catalogo_lleva_la_version_del_host	the_catalog_carries_the_host_version
el_catalogo_va_y_vuelve_con_los_mismos_campos	the_catalog_goes_and_returns_with_the_same_fields
el_catalogo_y_la_busqueda_dicen_lo_mismo	the_catalog_and_the_search_say_the_same_thing
el_centro_no_mezcla_listados_y_paneles	the_center_does_not_mix_listings_and_panes
el_cero_no_abre_un_contador_pero_si_acumula	zero_does_not_open_a_counter_but_it_does_accumulate
el_cero_sigue_siendo_ligable_con_contadores	zero_is_still_bindable_with_counters
el_colapso_propaga_hacia_arriba	the_collapse_propagates_upward
el_color_exacto_y_el_indice_alto_no_se_confunden	the_exact_color_and_the_high_index_are_not_confused
el_contador_ni_desborda_ni_se_pega_a_la_tecla_siguiente	the_counter_neither_overflows_nor_sticks_to_the_next_key
el_contador_puede_arrancar_donde_se_diga	the_counter_can_start_wherever_told
el_contador_topa_en_cuatro_digitos	the_counter_caps_at_four_digits
el_contexto_especifico_pisa_al_global_por_secuencia_exacta	specific_context_overrides_global_by_exact_sequence
el_contexto_viewer_se_fusiona_para_su_pantalla	the_viewer_context_merges_for_its_screen
el_copy_del_comando_deja_rastro_deshacible_en_el_journal	the_command_copy_leaves_an_undoable_trail_in_the_journal
el_corpus_hostil_cruza_el_dialogo_de_aprobacion	the_hostile_corpus_crosses_the_approval_dialog
el_corpus_hostil_no_ensucia_ninguna_celda	the_hostile_corpus_does_not_dirty_any_cell
el_corpus_no_nombra_comandos_que_no_existen	the_corpus_does_not_name_commands_that_do_not_exist
el_corpus_que_enviamos_esta_integro	the_corpus_we_send_is_intact
el_corte_dice_a_que_capa_apunta	the_cut_says_which_layer_it_points_to
el_corte_por_la_izquierda_mantiene_la_rejilla	the_cut_from_the_left_keeps_the_grid
el_cromo_no_se_aparta_si_apartarlo_no_arregla_nada	the_chrome_is_not_removed_if_removing_it_fixes_nothing
el_cromo_se_aparta_antes_de_dejar_la_pantalla_sin_listado	the_chrome_is_removed_before_leaving_the_screen_without_a_listing
el_cuerpo_de_una_confirmacion_marca_lo_que_enmascara	the_body_of_a_confirmation_marks_what_it_masks
el_cursor_arranca_sobre_una_cabecera	the_cursor_starts_on_a_header
el_cursor_espera_a_su_listado	the_cursor_waits_for_its_listing
el_cursor_salta_las_cabeceras	the_cursor_skips_the_headers
el_cursor_se_encadena_y_las_perdidas_se_acumulan	the_cursor_chains_and_the_losses_accumulate
el_cursor_se_mueve_se_esconde_y_la_pantalla_se_borra	the_cursor_moves_hides_and_the_screen_clears
el_cursor_se_queda_dentro	the_cursor_stays_inside
el_cursor_sobrevive_a_un_refresco	the_cursor_survives_a_refresh
el_debug_del_modal_no_lleva_el_secreto	the_modal_debug_does_not_carry_the_secret
el_desplazamiento_cuenta_las_dos_fuentes	the_scroll_counts_both_sources
el_destino_designado_se_marca_y_solo_cuando_hace_falta	the_designated_destination_is_marked_and_only_when_needed
el_destino_por_defecto_no_sobrevive_a_un_tercer_panel	the_default_destination_does_not_survive_a_third_pane
el_destino_se_compone_byte_a_byte	the_destination_is_composed_byte_by_byte
el_diagnostico_tambien_reporta_las_dos_reglas_nuevas	the_diagnostic_also_reports_the_two_new_rules
el_dialogo_de_colision_marca_el_nombre_alterado	the_collision_dialog_marks_the_altered_name
el_dialogo_de_contrasena_pinta_puntos_y_no_el_texto	the_password_dialog_paints_dots_and_not_the_text
el_dialogo_de_copia_avisa_de_espacio_y_de_confinamiento	the_copy_dialog_warns_about_space_and_confinement
el_digest_se_normaliza_a_minuscula	the_digest_normalizes_to_lowercase
el_directorio_y_el_orden_vuelven	the_directory_and_the_order_come_back
el_doble_click_pide_el_mismo_nav_enter_del_teclado	the_double_click_requests_the_same_nav_enter_as_the_keyboard
el_editor_de_config_cicla_teclea_y_valida	the_config_editor_cycles_types_and_validates
el_error_de_plan_nombra_el_tope_en_vez_de_decir_internal	the_plan_error_names_the_cap_instead_of_saying_internal
el_escritorio_lo_ofrece_para_abrir_carpetas	the_desktop_offers_it_to_open_directories
el_espacio_alrededor_no_estorba	the_surrounding_space_does_not_get_in_the_way
el_espacio_tras_la_bandera_da_igual	the_space_after_the_flag_does_not_matter
el_estado_viaja_con_nombre_y_el_fallo_con_su_causa	the_status_travels_with_a_name_and_the_failure_with_its_cause
el_exec_entrega_una_ruta_y_no_una_url	the_exec_delivers_a_path_and_not_a_url
el_favorito_roto_se_pinta_marcado_y_atenuado	the_broken_favorite_is_painted_marked_and_dimmed
el_fichero_del_usuario_gana_al_preset	the_user_file_wins_over_the_preset
el_fichero_del_usuario_gana_al_preset_del_mismo_nombre	the_user_file_wins_over_the_preset_of_the_same_name
el_filtro_casa_por_subsecuencia_sin_mayusculas	the_filter_matches_by_subsequence_case_insensitively
el_final_es_una_orden_propia	the_end_is_its_own_command
el_foco_abandona_el_pane_que_el_colapso_dejo_fuera	focus_leaves_the_pane_the_collapse_left_out
el_foco_cicla_en_los_dos_sentidos	focus_cycles_in_both_directions
el_fondo_desplaza_hacia_arriba	the_background_scrolls_upward
el_formato_ajeno_no_cambia_el_aviso_de_bloques	a_foreign_format_does_not_change_the_blocks_warning
el_frontend_de_terminal_loguea_al_fichero_y_no_a_la_pantalla	the_terminal_frontend_logs_to_the_file_and_not_to_the_screen
el_guard_cancela_al_abandonar_y_calla_si_se_desarma	the_guard_cancels_on_drop_and_stays_quiet_if_disarmed
el_gutter_de_marca_solo_pinta_la_fila_marcada	the_mark_gutter_only_paints_the_marked_row
el_hermano_gana	the_sibling_wins
el_hexadecimal_del_corpus_tambien_se_desplaza	the_corpus_hex_also_scrolls
el_hueco_bajo_la_ultima_entrada_no_es_la_ultima_entrada	the_slot_below_the_last_entry_is_not_the_last_entry
el_hueco_de_preview_con_el_foco_se_mueve_con_las_teclas_del_visor	the_preview_slot_with_focus_moves_with_the_viewer_keys
el_hueco_de_preview_sigue_al_cursor_y_ensena_el_visor	the_preview_slot_follows_the_cursor_and_shows_the_viewer
el_hueco_del_sidebar_no_aparece_como_listado	the_sidebar_slot_does_not_appear_as_a_listing
el_identificador_no_dice_spike	the_identifier_does_not_say_spike
el_informe_de_la_sincronizacion_dice_lo_que_fallo	the_sync_report_says_what_failed
el_intercambio_cruza_los_huecos_del_relleno_en_vuelo	the_swap_crosses_the_in_flight_filler_slots
el_intercambio_sin_nada_en_vuelo_no_inventa_nada	the_swap_with_nothing_in_flight_invents_nothing
el_intercambio_voltea_el_pane_de_la_busqueda_viva	the_swap_flips_the_pane_with_the_live_search
el_interruptor_de_la_cola_viaja_con_la_transferencia	the_queue_switch_travels_with_the_transfer
el_invariante_del_rastro_aguanta_cualquier_secuencia	the_trail_invariant_holds_up_under_any_sequence
el_juego_de_dibujo_pinta_lineas_y_no_letras	the_line_drawing_set_paints_lines_and_not_letters
el_keymap_de_la_ultima_capa_se_marca_como_proyecto	the_last_layer_keymap_is_marked_as_project
el_layout_de_estos_tests_es_el_que_se_pinta	the_layout_of_these_tests_is_the_one_that_gets_painted
el_layout_de_la_linea_de_ordenes_puede_ser_del_usuario	the_command_line_layout_can_be_the_users
el_limit_cero_es_error_y_el_ausente_es_el_default	zero_limit_is_error_and_absent_is_default
el_lote_dice_cuantas_terminaron_bien_y_cuantas_no	the_batch_says_how_many_finished_well_and_how_many_did_not
el_marco_del_plugin_se_pinta_con_su_titulo	the_plugin_frame_is_painted_with_its_title
el_mensaje_corto_dice_que_no_esta_construido_en_ambos_locales	the_short_message_says_it_is_not_built_in_both_locales
el_mensaje_corto_tampoco_lleva_un_hazard_de_terminal	the_short_message_also_does_not_carry_a_terminal_hazard
el_mensaje_de_contador_ignorado_lleva_los_dos_argumentos_en_ambos_locales	the_ignored_counter_message_carries_both_arguments_in_both_locales
el_mensaje_de_contador_ignorado_nombra_comando_y_numero	the_ignored_counter_message_names_command_and_number
el_mensaje_de_no_disponible_jamas_lleva_un_hazard_de_terminal	the_not_available_message_never_carries_a_terminal_hazard
el_mensaje_de_no_disponible_lleva_los_tres_argumentos_en_ambos_locales	the_not_available_message_carries_the_three_arguments_in_both_locales
el_mensaje_de_no_disponible_nombra_el_comando_y_el_motivo	the_not_available_message_names_the_command_and_the_reason
el_menu_se_abre_con_el_teclado_dentro_de_un_panel_lateral	the_menu_opens_with_the_keyboard_inside_a_side_panel
el_menu_se_pinta_y_sus_zonas_coinciden	the_menu_is_painted_and_its_zones_match
el_menu_se_reabre_por_donde_iba	the_menu_reopens_where_it_left_off
el_menu_se_recorre_y_lo_elegido_corre	the_menu_is_traversed_and_the_chosen_one_runs
el_mismo_fichero_dos_veces_no_es_una_comparacion	the_same_file_twice_is_not_a_comparison
el_modal_de_nombre_en_destino_elide_las_rutas	the_name_in_destination_modal_elides_the_paths
el_modal_de_sumas_enmascara_y_marca_el_corte	the_checksums_modal_masks_and_marks_the_cut
el_modal_de_un_lote_pinta_una_ruta_por_linea_y_resume_el_resto	the_batch_modal_paints_one_path_per_line_and_summarizes_the_rest
el_modo_sale_del_atributo_del_listado	the_mode_comes_from_the_listing_attribute
el_nivel_del_anillo_sube_no_baja_y_vuelve_al_cerrar	the_ring_level_rises_never_lowers_and_resets_on_close
el_nivel_del_daemon_va_en_la_captura_y_no_en_el_nivel	the_daemon_level_goes_in_the_capture_and_not_in_the_level
el_objetivo_lleva_el_hueco_de_la_hoja	the_target_carries_the_sheets_slot
el_objetivo_lleva_el_hueco_del_preview	the_target_carries_the_previews_slot
el_orden_de_foco_solo_lleva_visibles_enfocables	the_focus_order_only_carries_visible_focusable_ones
el_orden_de_los_anclajes_es_el_de_quien_tapa_a_quien	the_order_of_the_anchors_is_who_covers_whom
el_panel_de_agentes_deshace_la_sesion_elegida	the_agents_pane_undoes_the_chosen_session
el_panel_de_diferencias_se_come_el_raton_como_cualquier_overlay	the_diff_pane_eats_the_mouse_like_any_overlay
el_panel_de_procesos_toma_el_teclado_al_abrir	the_processes_pane_takes_the_keyboard_on_open
el_panel_despacha_su_vocabulario_entero	the_pane_dispatches_its_entire_vocabulary
el_panel_recien_partido_se_queda_el_foco	the_freshly_split_pane_keeps_the_focus
el_paquete_trae_el_daemon_y_el_cli	the_package_brings_the_daemon_and_the_cli
el_perfil_pegajoso_pide_el_cambio	the_sticky_profile_asks_for_the_change
el_perfil_se_lee_y_conserva_sus_bytes	the_profile_is_read_and_keeps_its_bytes
el_pie_de_las_sumas_solo_ofrece_copiar_cuando_hay_digests	the_checksums_footer_only_offers_copy_when_there_are_digests
el_pie_del_modal_de_aprobacion_se_pinta_con_un_lote_gigante	the_approval_modal_footer_is_painted_with_a_giant_batch
el_pie_del_panel_cuenta_y_dice_el_espacio_libre	the_pane_footer_counts_and_tells_the_free_space
el_plan_del_lote_solo_rellena_al_modal_que_lo_esperaba	the_batch_plan_only_fills_the_modal_that_was_waiting_for_it
el_plan_omite_lo_que_no_cambia_y_el_contador_no_salta	the_plan_omits_what_does_not_change_and_the_counter_does_not_skip
el_polling_detecta_cambios_y_se_cancela_limpio	polling_detects_changes_and_cancels_cleanly
el_preset_que_ate_layout_processes_lo_ata_en_las_dos_pantallas	the_preset_that_binds_layout_processes_binds_it_on_both_screens
el_presupuesto_de_key_descuenta_el_prefijo_root	the_key_budget_deducts_the_root_prefix
el_primer_hueco_es_a_quien_se_le_pregunta	the_first_slot_is_the_one_that_gets_asked
el_puente_abre_su_brazo_de_streams_una_sola_vez	the_bridge_opens_its_streams_arm_only_once
el_rastro_de_vuelta_sobrevive	the_trail_back_survives
el_rect_del_visor_es_el_hueco_que_draw_viewer_deja_en_blanco	the_viewer_rect_is_the_slot_draw_viewer_leaves_blank
el_renderer_no_pide_ninguna_clave_que_no_exista	the_renderer_does_not_ask_for_any_key_that_does_not_exist
el_renderer_solo_invoca_comandos_conocidos	the_renderer_only_invokes_known_commands
el_resumen_cuenta_lo_que_se_va_a_crear_y_lo_que_se_mueve	the_summary_counts_what_will_be_created_and_what_is_moved
el_selector_de_conexiones_lo_llena_el_daemon	the_connections_selector_is_filled_by_the_daemon
el_selector_de_perfiles_ensena_y_lo_elegido_se_aplica	the_profiles_selector_shows_and_the_chosen_one_is_applied
el_selector_de_tema_elige_y_avisa_a_quien_hospeda	the_theme_selector_chooses_and_notifies_the_host
el_selector_lista_las_de_fabrica_y_las_del_usuario	the_selector_lists_the_factory_ones_and_the_users
el_shell_anuncia_donde_esta	the_shell_announces_where_it_is
el_sidebar_despacha_su_propia_tecla	the_sidebar_dispatches_its_own_key
el_sidebar_ocupa_dieciseis_celdas_y_el_listado_empieza_en_la_diecisiete	the_sidebar_occupies_sixteen_cells_and_the_listing_starts_at_seventeen
el_sobre	the_envelope
el_subshell_sigue_al_panel_con_un_nombre_hostil	the_subshell_follows_the_pane_with_a_hostile_name
el_suspend_no_enciende_una_captura_que_estaba_apagada	suspend_does_not_turn_on_a_capture_that_was_off
el_tablero_se_recorre_y_se_descarta	the_dashboard_is_traversed_and_discarded
el_tabulador_cicla_los_listados_y_se_salta_los_laterales	tab_cycles_the_listings_and_skips_the_sides
el_tamano_y_la_fecha_no_van_en_blanco	the_size_and_the_date_are_not_left_blank
el_tema_de_un_perfil_puede_ser_una_ruta	a_profiles_theme_can_be_a_path
el_tema_puede_ser_un_fichero	the_theme_can_be_a_file
el_texto_de_cada_preset_llega_al_suelo_de_contraste	each_presets_text_reaches_the_contrast_floor
el_texto_de_sumas_omite_lo_que_no_tiene_digest	the_checksums_text_omits_what_has_no_digest
el_texto_del_guest_se_enmascara_y_el_cromo_no_se_concede	the_guests_text_is_masked_and_chrome_is_not_granted
el_texto_llena_la_fila_y_el_salto_baja	the_text_fills_the_row_and_the_line_break_moves_down
el_tope_de_planes_retenidos_no_sale_como_error_interno	the_retained_plans_cap_does_not_come_out_as_an_internal_error
el_tope_remoto_tira_lo_viejo_y_lo_cuenta	the_remote_cap_discards_the_old_and_counts_it
el_tope_se_acota_y_al_bajar_se_queda_lo_cercano	the_cap_is_bounded_and_lowering_it_keeps_what_is_near
el_total_de_pasos_suma_las_clases_y_solo_las_clases	the_total_steps_add_up_the_classes_and_only_the_classes
el_ultimo_gana_por_campo_y_las_capas_de_keymap_se_acumulan	last_one_wins_per_field_and_keymap_layers_accumulate
el_usuario_no_sale_en_el_detalle_de_un_rechazo	the_user_does_not_appear_in_a_rejections_detail
el_veredicto_del_lote_sobrevive_a_un_terminal_corto	the_batch_verdict_survives_a_short_terminal
elegida	chosen
elegido	chosen
elegir	choose
elegir_agente	choose_agent
elegir_ajuste	choose_setting
elegir_del_selector	choose_from_selector
elegir_del_selector_en_otro	choose_from_selector_into_another
elegir_disposicion	choose_layout
elegir_extension	choose_extension
elegir_fila_del_selector	choose_row_from_selector
elegir_idioma	choose_language
elegir_pagina	choose_page
elegir_perfil	choose_profile
elegir_pestana	choose_tab
elegir_una_rama_navega_el_listado_y_el_arbol_no_se_mueve	choosing_a_branch_navigates_the_listing_and_the_tree_does_not_move
elemento_de_estado_en	status_item_at
elementos_de_estado	state_items
elementos_de_estado_de_referencia	reference_status_items
empaquetados	packed
empaquetar	pack
empaquetar_rehusa_un_formato_que_no_se_escribe	packaging_refuses_a_format_that_cannot_be_written
empaquetar_saca_el_formato_del_nombre	packaging_derives_the_format_from_the_name
empezo	started
empujar_sesion	empujar_session
en_bloques_sin_previewer_el_visor_lo_dice	in_blocks_without_previewer_the_viewer_says_so
en_columna_cada_boton_es_una_fila_del_borde_izquierdo	in_column_mode_each_button_is_a_row_on_the_left_edge
en_estrecho_las_filas_se_pulsan_y_la_descripcion_no	in_narrow_mode_the_rows_are_clickable_and_the_description_is_not
en_kitty_con_miniatura_colocada_no_sale_el_aviso	in_kitty_with_thumbnail_placed_the_warning_does_not_appear
en_kitty_sin_miniatura_el_visor_lo_dice	in_kitty_without_thumbnail_the_viewer_says_so
en_kitty_sin_miniatura_el_visor_lo_dice_y_no_se_come_la_posicion	in_kitty_without_thumbnail_the_viewer_says_so_and_does_not_eat_the_position
en_kitty_sin_miniatura_el_visor_lo_dice_y_no_se_come_la_posicion_en_ingles	in_kitty_without_thumbnail_the_viewer_says_so_and_does_not_eat_the_position_in_english
en_off_no_se_avisa_porque_lo_pidio_el_lector	in_off_mode_there_is_no_warning_because_the_reader_asked_for_it
en_solo_lectura_copiar_no_abre_nada	in_read_only_copying_opens_nothing
en_solo_lectura_el_panel_dice_que_no_escucha	in_read_only_the_pane_says_it_does_not_listen
en_solo_lectura_la_paleta_no_ofrece_lo_que_muta	in_read_only_the_palette_does_not_offer_what_mutates
en_solo_lectura_no_se_deshace_una_sesion	in_read_only_a_session_cannot_be_undone
en_solo_lectura_no_se_ejecuta_un_comando_de_extension	in_read_only_an_extension_command_does_not_run
en_solo_lectura_no_se_gobierna_ninguna_extension	in_read_only_no_extension_is_governed
en_solo_lectura_no_se_lanza_nada_del_escritorio	in_read_only_nothing_from_the_desktop_is_launched
en_teclas	in_keys
en_un_espejo_cada_mitad_se_archiva_por_su_cuenta	in_a_mirror_each_half_archives_on_its_own
en_un_panel_local_no_hay_conexion_que_cerrar	in_a_local_pane_there_is_no_connection_to_close
en_vuelo	in_flight
encender	turn_on
encender_sin_aprobar_se_rehusa	turning_on_without_approving_is_refused
encendida	on
encima	above
encolar	enqueue
encolar_sumas	enqueue_checksums
endpoint_acepta_el_scheme_de_un_plugin	endpoint_accepts_a_plugin_scheme
endpoint_invalido	endpoint_invalid
endpoint_o_region_vacios_son_error_local	empty_endpoint_or_region_is_local_error
enfocado	focused
enfocar_lo_pulsado	focus_the_pressed
enfocar_para_actuar	enfocar_for_act
enmascara_override_rtl	masks_override_rtl
ensena	shows
enter_en_ayuda	enter_in_help
enter_en_un_disco_da_su_montaje	enter_on_a_disk_gives_its_mount
enter_en_un_favorito_da_el_destino_y_suelta_el_teclado	enter_on_a_favorite_gives_the_destination_and_releases_the_keyboard
enter_en_un_favorito_roto_explica_en_la_barra	enter_on_a_broken_favorite_explains_in_the_bar
enter_en_una_cabecera_no_hace_nada	enter_on_a_header_does_nothing
entera	whole
entero	whole
entorno	environment
entrada	entry
entradas	entries
entradas_de	entries_of
entrar	enter
entrar_dos_veces_en_la_alterna_no_pierde_la_de_verdad	entering_the_alternate_screen_twice_does_not_lose_the_real_one
entrar_en_docs	enter_docs
entry_crea_por_defecto_y_iter_va_en_orden	entry_creates_by_default_and_iter_goes_in_order
enviar_lote	send_batch
eof_con_tool_en_vuelo_termina_limpio	eof_with_tool_in_flight_ends_cleanly
epoca	epoch
epoca_busqueda	epoch_search
epoca_conexion	epoch_connection
epoca_ia	epoch_ia
epoca_organizar	epoch_organize
equipo	team
error_al_aplicar	error_on_apply
error_al_borrar	error_on_delete
error_al_decidir	error_on_decide
error_al_escribir	error_on_write
error_de_busqueda	search_error
error_de_capacidades	capabilities_error
errores	errors
errores_de_carga	load_errors
es_boton	es_button
es_cambio	es_change
es_cromo	es_chrome
es_del_humano	is_from_human
es_ficha_de	is_tab_of
es_grupo_de_paneles	is_a_group_of_panes
es_historia	es_history
es_listado	es_listing
es_modificador	es_modifier
es_populares	es_popular
es_unidad_de	is_unit_of
esc_cancela_la_secuencia_pendiente	esc_cancels_the_pending_sequence
esc_cancela_limpio_sin_destino_a_medias	esc_cancels_cleanly_without_a_half_finished_destination
esc_dentro_de_secuencia_es_error_de_carga	esc_inside_sequence_is_a_load_error
esc_limpia_el_contador	esc_clears_the_counter
escape_borrar	escape_delete
escribe_layout	writes_layout
escribiendo	writing
escribir	write
escribir_ajuste	write_setting
escribir_buzon	write_buzon
escribir_config	write_config
escribir_crudo	write_raw
escribir_devuelve_el_cursor_arriba	typing_returns_the_cursor_up
escribir_en_dialogo	write_in_dialog
escribir_tecla	write_key
escrito	written
escritorio	desktop
escritura	write
escrituras	writes
escuchando	listening
espacio_de	space_of
espejo	mirror
espejo_permanente	mirror_permanent
espera	wait
espera_hasta	wait_until
espera_quieto	wait_idle
esperando	waiting
esperando_local	waiting_local
esperar_arranque	wait_startup
esperar_ask	wait_ask
esperar_buffer	wait_buffer
esperar_foto	wait_snapshot
esquema	scheme
esquema_de_prueba	test_scheme
esquema_del_orden	order_scheme
esquema_oscuro	scheme_dark
esquemas	schemes
estado	state
estado_de_busqueda	search_state
estado_final	state_final
estado_transferencia	state_transfer
estados	states
estilo	style
estilo_de_entrada	entry_style
estrecha	narrow
estrecho	narrow
etiqueta	label
etiqueta_de_ancla	anchor_label
etiqueta_de_columna	column_label
etiqueta_de_fuente	source_label
evento	event
existe	exists
expand_tilde_solo_prefijo	expand_tilde_solo_prefix
extensiones	extensions
extensiones_cargadas	extensions_cargadas
extensiones_de_referencia	reference_extensions
f_banners_vacios	f_banners_empty
failed_conserva_el_fill	failed_keeps_the_fill
fallo	failure
fallo_la_task	task_failed
fallos	failures
fallos_proyectados	failures_proyectados
falso	fake
falso_con_arbol	fake_with_tree
falso_con_plan	fake_with_plan
falso_con_sesion	fake_with_session
falta	missing
falta_en_castellano	missing_in_spanish
falta_en_ingles	missing_in_english
faltan	missing
faults_cuenta_las_llamadas_a_read	faults_counts_the_calls_to_read
favorito	favorite
favorito_persistido	favorite_persistido
favoritos	favorites
favoritos_del_sidebar	sidebar_favorites
ficha	detail
ficha_abierta	detail_open
fichero	file
fichero_corrupto_es_error_no_panic	corrupt_file_is_an_error_not_a_panic
fichero_de_sumas	checksums_file
fichero_ilegible_es_error_no_tofu	unreadable_file_is_an_error_not_tofu
fijar_dir_pedido	pin_dir_requested
fijar_filas_del_visor	pin_viewer_rows
fijar_punto_de_salto	set_jump_point
fila	row
fila_adornada	row_adornada
fila_baja	row_down
fila_comparada	row_comparada
fila_compare	row_compare
fila_conexion	row_connection
fila_daemon	row_daemon
fila_de	row_of
fila_de_estado_con_png_en_kitty_sin_miniatura	status_row_with_png_in_kitty_without_thumbnail
fila_de_estado_con_png_sin_previewer	status_row_with_png_without_previewer
fila_de_extension	extension_row
fila_de_subir	upload_row
fila_de_suma	checksum_row
fila_elegida	row_chosen
fila_limpia	row_clean
fila_local	row_local
fila_o_cero	row_or_zero
fila_por_indice	row_by_index
fila_ruta	row_path
fila_texto	row_text
fila_tramos	row_tramos
fila_valida	row_valid
filas	rows
filas_ahora	rows_now
filas_antes	rows_before
filas_comparadas	rows_comparadas
filas_de	rows_of
filas_de_comandos	command_rows
filas_de_paleta	palette_rows
filas_de_registro	log_rows
filas_de_tablero	board_rows
filas_del_indice	index_rows
filas_por_publicar	rows_to_publish
filas_visibles	rows_visible
filling_de_un_pane_no_toca_el_hueco_del_otro	filling_of_one_pane_does_not_touch_the_others_slot
filtrando	filtering
filtrar_historia	filter_history
filtro	filter
filtro_de_registro	log_filter
filtros	filters
firma	signature
firma_de_panel	pane_signature
fixtures_nuevas_de_169_cumplen_lo_que_prometen	new_fixtures_from_169_deliver_what_they_promise
foco	focus
foco_tests	focus_tests
fondo	background
footer_de_aprobacion_enmascara_chord_hostil_de_una_capa	approval_footer_masks_a_layers_hostile_chord
formas	forms
formas_vacias	forms_empty
formas_vacias_de_reparto	empty_layout_shapes
formato	format
formato_ajeno	format_foreign
formato_de_nombre	name_format
foto	snapshot
foto_hasta	snapshot_until
foto_hasta_notice	snapshot_until_notice
foto_registro	snapshot_log
fotos	snapshots
fp_nueva	fp_new
frame_pinta_panes_y_badge_no_utf8	frame_paints_panes_and_non_utf8_badge
frase	phrase
fresh_con_papelera	fresh_with_trash
from_largo	from_long
ftps_require_conecta_y_valida_cert	ftps_require_connects_and_validates_cert
fuente	source
fuente_de_registro	log_source
fuente_efectiva	source_efectiva
fuente_txt	source_txt
fuera	outside
fuera_de_alcance_en_caliente	out_of_scope_hot
fuera_de_una_zona_no_se_despacha_nada	outside_a_zone_nothing_is_dispatched
fwd_dado	fwd_given
gastado	spent
gen_catalogo	gen_catalog
gen_extensiones	gen_extensions
gen_paleta	gen_palette
gen_perfiles	gen_profiles
gen_ramas	gen_branches
gen_salida	gen_output
gen_sitios	gen_places
gesto_de_panel	pane_gesture
girar	rotate
girar_cambia_el_eje_del_reparto_interior	rotating_changes_the_inner_splits_axis
git_apagado	git_off
glifo	glyph
gobernar_elegida	gobernar_chosen
gobernar_por_raton	govern_by_mouse
gobierno	governance
grande	large
grupo	group
grupos_de_pestanas	tab_groups
guardado	saved
guardar_ancho_de_columna	save_column_width
guardar_cursor	save_cursor
guardar_favorito	save_favorite
guardar_perfil	save_profile
guardar_y_restaurar_el_cursor_lleva_el_estilo	saving_and_restoring_the_cursor_carries_the_style
guardia_de_navegacion	navigation_guard
habia	had
habla	speaks
habla_por_su_informe	speaks_through_its_report
has_room_to_split_cuadra_con_el_colapso	has_room_to_split_matches_the_collapse
has_room_to_split_dice_que_no_cuando_el_reparto_colapsaria	has_room_to_split_says_no_when_the_split_would_collapse
hash_de_prueba	test_hash
hasta	until
hay_fila	hay_row
hay_lineas	hay_lines
hay_procesos	hay_processes
hay_que_decirlo	hay_that_say_it
hay_que_pedir	hay_that_request
hechas	done
hecho	done
hechos	facts
heredar_detalle	inherit_detail
hermana	sibling
hermana_del_preview	preview_sibling
hermana_del_visor	viewer_sibling
hijo	child
hijo_del_mapa_en	child_of_the_map_at
hijos	children
historia	history
historial	history
hoja	sheet
hoja_de_atributos	attributes_sheet
honesto	honest
hora_utc	time_utc
host_arbol	host_tree
host_compartido	host_shared
host_con_arbol	host_with_tree
host_con_backend_y_anillo	host_with_backend_and_ring
host_con_backend_y_registro	host_with_backend_and_log
host_con_capas	host_with_layers
host_con_capas_apiladas	host_with_stacked_layers
host_con_capas_y_favoritos	host_with_layers_and_favorites
host_con_caracteres_de_formato_rechazado	host_with_format_characters_is_rejected
host_con_linea	host_with_timeline
host_con_mapa	host_with_map
host_con_registro	host_with_log
host_con_rutas	host_with_paths
host_con_tema	host_with_theme
host_de_prueba	test_host
host_full_con_fila_de_subir	host_full_with_parent_row
host_hoja_sin_visor	leaf_host_without_viewer
host_ortodoxo_en	orthodox_host_in
host_solo_lectura	host_solo_read
hostil	hostile
hostil_bytes	hostile_bytes
hostil_fuera	hostile_outside
hostil_largo	hostile_long
hostiles	hostile
hubo_dialogos	was_dialogs
hueco	slot
hueco_de_kind	slot_of_kind
hueco_de_ramas	branches_slot
hueco_de_sitios	places_slot
hueco_del_arbol	tree_slot
hueco_del_lado	side_slot
hueco_destino	slot_dest
hueco_mut	slot_mut
huecos	slots
huecos_antes	slots_before
huecos_de_hoja	leaf_slots
huecos_de_panel	pane_slots
huecos_de_preview	preview_slots
huecos_de_registro	log_slots
huecos_iniciales	slots_initial
huella_a_nodo	footprint_to_node
huella_de_nodo	node_footprint
huellas_de_columnas	column_footprints
ia_en_vuelo	ai_in_flight
ia_renombrado	ia_renamed
icono	icon
iconos	icons
id_de_fila	row_id
ida_y_vuelta	round_trip
identico	identical
identidad	identity
identidad_de	identity_of
identidad_de_columna	column_identity
identidad_de_texto	text_identity
idioma	language
ids_del_tablero	board_ids
igualar	equalize
igualar_devuelve_los_paneles_a_la_mitad	equalizing_returns_the_panes_to_half
igualar_solo_toca_los_ponderados	equalizing_only_touches_the_weighted_ones
imagen_desde_miniatura	imagen_from_thumbnail
imposible	impossible
indice	index
indice_de_ir_a	goto_index
inerte	inert
informe	report
informe_de_empaquetado	packaging_report
informe_de_lote	batch_report
informe_de_sumas	checksums_report
informe_de_sync	sync_report
informe_de_undo	undo_report
informe_limpio	report_clean
informe_pack	report_pack
informe_pedido	report_requested
informe_undo	report_undo
inicio	start
initial_dir_pedido	initial_dir_requested
insertar_celdas	insertar_cells
insertar_el_mismo_kind_dos_veces_reemplaza	inserting_the_same_kind_twice_replaces
insertar_y_borrar_caracteres_en_la_fila	inserting_and_deleting_characters_in_the_row
insertar_y_borrar_lineas	inserting_and_deleting_lines
inservible	unusable
instalar_pagina	install_page
instancia	instance
instantanea	snapshot
instantanea_de_perfil	profile_snapshot
instruccion	instruction
intento	attempt
intercambiar_huecos	swap_slots
intercambiar_mueve_el_contenido_no_los_ids	swapping_moves_the_content_not_the_ids
inverso	inverse
invoke_copiar_sel	invoke_copy_sel
invoke_desconocido_es_none	invoke_unknown_es_none
invoke_ejecuta_y_reporta_ok	invoke_executes_and_reports_ok
ir_a_de_referencia	reference_goto
ir_a_indice	go_to_index
ir_a_miga	go_to_crumb
ir_a_pestana	go_to_tab
ir_al_resultado	go_to_result
irreversibles	irreversible
is_folded_sigue_al_toggle	is_folded_follows_the_toggle
izq	left
izq_antes	left_before
izq_hostil	left_hostile
izquierda	left
izquierdo	left
juntar_exige_empezar_por_el_primer_trozo	joining_requires_starting_with_the_first_chunk
juntar_trozos	join_chunks
juntos	together
key_de_mas_de_1024_bytes_se_rechaza_upfront	key_over_1024_bytes_is_rejected_upfront
keymap_aceptado_implica_resolucion_determinista	keymap_accepted_implica_resolucion_determinista
keymap_de_preset_con_capas	preset_keymap_with_layers
keymap_dialogo_de_preset	preset_dialog_keymap
keymap_dialogo_de_preset_con_capas	keymap_dialog_preset_with_layers
keymap_visor_de_preset_con_capas	preset_viewer_keymap_with_layers
keys_sembradas_desde_fuera_que_nosotros_no_creariamos	keys_seeded_from_outside_that_we_would_not_create
kitty_a_off_suelta_la_miniatura_colocada_ya_puesta	kitty_to_off_releases_the_already_placed_thumbnail
kitty_forzado_manda_aunque_la_sonda_dijera_que_no	forced_kitty_wins_even_if_the_probe_said_no
krusader_es_orthodox_con_el_sidebar_puesto	krusader_is_orthodox_with_sidebar_on
la_aprobacion_de_un_chmod_pinta_el_modo	the_approval_of_a_chmod_paints_the_mode
la_ayuda_se_pinta_sobre_el_viewer	the_help_is_painted_over_the_viewer
la_ayuda_y_la_version_se_reconocen	help_and_version_are_recognized
la_barra_anuncia_lo_que_haria_soltar_ahora	the_bar_announces_what_dropping_now_would_do
la_barra_de_estado_no_pertenece_a_ningun_pane	the_status_bar_does_not_belong_to_any_pane
la_barra_de_estado_trae_sus_elementos_y_se_pulsan	the_status_bar_brings_its_items_and_they_are_clickable
la_barra_de_paneles_ensena_los_paneles_y_un_click_los_abre	the_pane_bar_shows_the_panes_and_a_click_opens_them
la_barra_de_paneles_pinta_nombres_con_la_letra_subrayada_y_cae_a_letras	the_pane_bar_paints_names_with_the_underlined_letter_and_falls_back_to_letters
la_barra_de_teclas_pinta_lo_atado_y_un_clic_es_la_tecla	the_key_bar_paints_what_is_bound_and_a_click_is_the_key
la_cabecera_de_columnas_no_es_ninguna_fila	the_column_header_is_not_any_row
la_captura_se_suelta_y_se_restaura_alrededor_del_suspend	the_capture_is_released_and_restored_around_suspend
la_casa_no_depende_del_panel	home_does_not_depend_on_the_pane
la_descripcion_no_habla_de_un_spike	the_description_does_not_speak_of_a_spike
la_disposicion_de_la_ventana_se_respeta_y_el_relevo_la_entrega	the_windows_layout_is_respected_and_the_handoff_delivers_it
la_entrada_de_escritorio_es_la_que_esta_en_el_repo	the_desktop_entry_is_the_one_in_the_repo
la_especificidad_de_contexto_prevalece_sobre_la_capa	context_specificity_prevails_over_the_layer
la_extension_es_el_ultimo_punto_y_un_oculto_no_tiene	the_extension_is_the_last_dot_and_a_hidden_file_has_none
la_extension_no_distingue_mayusculas	the_extension_is_case_insensitive
la_feature_de_medida_no_es_la_de_por_defecto	the_measurement_feature_is_not_the_default_one
la_fila_dice_la_clase_y_sobre_que_actua_sin_el_id	the_row_says_the_class_and_what_it_acts_on_without_the_id
la_firma_es_rar5_y_el_contenido_va_crudo	the_signature_is_rar5_and_the_content_goes_raw
la_forma_del_arbol_no_decide_nada_aqui	the_trees_shape_decides_nothing_here
la_forma_del_corpus_no_cambia_sin_subir_el_puente	the_corpus_shape_does_not_change_without_bumping_the_bridge
la_franja_nombra_el_operando_con_el_panel_cerrado	the_strip_names_the_operand_with_the_pane_closed
la_fuente_efectiva_colapsa_hacia_el_anillo_que_existe	the_effective_source_collapses_toward_the_ring_that_exists
la_geometria_declarada_coincide_con_las_filas_pintadas	the_declared_geometry_matches_the_painted_rows
la_geometria_declarada_coincide_con_lo_pintado_con_el_sidebar_abierto	the_declared_geometry_matches_whats_painted_with_the_sidebar_open
la_hoja_dice_a_que_listado_sigue	the_sheet_says_which_listing_it_follows
la_hoja_no_se_lleva_el_teclado_nunca	the_sheet_never_takes_the_keyboard
la_linea_de_estado_explica_la_pareja_seleccionada	the_status_line_explains_the_selected_pair
la_marca_de_sin_listar_se_va_con_el_primer_listado	the_unlisted_mark_goes_away_with_the_first_listing
la_paleta_ejecuta_un_comando_de_extension_y_ensena_su_salida	the_palette_runs_an_extension_command_and_shows_its_output
la_paleta_pide_el_plan_a_un_renamer_y_lo_revisa_como_el_de_la_ia	the_palette_requests_the_plan_from_a_renamer_and_reviews_it_like_the_ais
la_pantalla_alterna_devuelve_lo_que_habia	the_alternate_screen_returns_what_was_there
la_pantalla_orthodox_no_se_mueve	the_orthodox_screen_does_not_move
la_plantilla_admite_texto_no_ascii	the_template_accepts_non_ascii_text
la_politica_decide_a_que_se_traduce_mod	the_policy_decides_what_mod_translates_to
la_posicion_absoluta_de_un_solo_eje	the_absolute_position_of_a_single_axis
la_puerta_de_la_ventana_es_estrecha	the_windows_door_is_narrow
la_raiz_local_se_sugiere_como_barra	the_local_root_is_suggested_as_the_slash
la_raiz_ocupada_se_numera_sin_padre	the_taken_root_is_numbered_without_parent
la_raiz_remota_se_sugiere_con_su_authority	the_remote_root_is_suggested_with_its_authority
la_rama_del_arbol_va_al_ultimo_listado_enfocado	the_tree_branch_goes_to_the_last_focused_listing
la_region_de_scroll_no_mueve_lo_de_fuera	the_scroll_region_does_not_move_whats_outside
la_regla_de_marcas_cuenta_los_mismos_tramos_en_los_dos_lados	the_marks_rule_counts_the_same_segments_on_both_sides
la_respuesta_de_una_apertura_anterior_no_aterriza	the_response_of_an_earlier_open_does_not_land
la_rueda_baja_por_la_ayuda_y_un_clic_elige_pagina	the_wheel_scrolls_down_through_help_and_a_click_chooses_a_page
la_rueda_desplaza_el_pane_bajo_el_puntero_y_no_el_del_foco	the_wheel_scrolls_the_pane_under_the_pointer_and_not_the_focused_one
la_rueda_mueve_el_cursor_y_cambiar_de_fila_cierra_los_ajustes_ajenos	the_wheel_moves_the_cursor_and_changing_row_closes_foreign_settings
la_rueda_sobre_el_visor_lo_desplaza_y_no_el_listado	the_wheel_over_the_viewer_scrolls_it_and_not_the_listing
la_salida_de_un_comando_no_deja_pasar_teclas	a_commands_output_does_not_let_keys_through
la_secuencia_pendiente_se_ve_en_la_status_bar	the_pending_sequence_shows_in_the_status_bar
la_segunda_pulsacion_enfoca_el_preview	the_second_press_focuses_the_preview
la_sesion_gana_a_profile_start	the_session_wins_over_profile_start
la_sugerencia_es_el_ultimo_segmento	the_suggestion_is_the_last_segment
la_sugerencia_va_saneada_como_cualquier_nombre_pintado	the_suggestion_is_sanitized_like_any_painted_name
la_superficie_de_comandos_es_la_declarada	the_command_surface_is_the_declared_one
la_tecla_de_la_fuente_solo_significa_algo_con_daemon	the_source_key_only_means_something_with_a_daemon
la_tercera_pulsacion_cierra_y_devuelve_el_arbol_de_antes	the_third_press_closes_and_returns_the_previous_tree
la_tolerancia_por_defecto_es_la_del_wire	the_default_tolerance_is_the_wires
la_ultima_foto_al_salir_espera_su_turno	the_last_snapshot_on_exit_waits_its_turn
la_ventana_acepta_el_argv_del_relevo	the_window_accepts_the_handoffs_argv
la_ventana_del_modal_de_sumas_se_desplaza	the_checksums_modal_window_scrolls
la_ventana_guarda_un_favorito_con_el_nombre_sugerido	the_window_saves_a_favorite_with_the_suggested_name
la_ventana_muta_y_es_una_decision	the_window_mutates_and_it_is_a_decision
la_ventana_no_arrastra_un_provider_ni_el_core	the_window_does_not_drag_in_a_provider_nor_the_core
la_ventana_no_trae_nada_de_serie	the_window_brings_nothing_stock
la_ventana_quita_el_favorito_del_cursor	the_window_removes_the_favorite_under_the_cursor
la_version_del_sobre_tambien_deja_la_ventana_suelta	the_envelope_version_also_leaves_the_window_detached
la_webview_no_navega_a_ninguna_parte	the_webview_does_not_navigate_anywhere
la_zona_de_soltar_sale_del_cuarto_mas_cercano	the_drop_zone_comes_from_the_nearest_quarter
lado	side
lanzar	launch
lanzar_aprobacion	launch_approval
lanzar_borrado	launch_deleted
lanzar_busqueda	launch_search
lanzar_comparacion	launch_comparison
lanzar_deshacer	launch_undo
lanzar_disk_map	launch_disk_map
lanzar_escritor	launch_escritor
lanzar_lector	launch_reader
lanzar_plan_de_plantilla	launch_template_plan
lanzar_plan_de_sync	launch_sync_plan
lanzar_plan_ia	launch_plan_ia
lanzar_reintento	launch_retry
lanzar_rename	launch_rename
lanzar_secreto	launch_secret
lanzar_semantica	launch_semantic
lanzar_sumas	launch_checksums
lanzar_transferencia	launch_transfer
larga	long
largo	long
las_aprobaciones_hacen_cola_con_prioridad_sobre_colisiones	approvals_queue_with_priority_over_collisions
las_capacidades_son_las_minimas	the_capabilities_are_the_minimum
las_colisiones_hacen_cola_y_jamas_pisan_un_modal	collisions_queue_and_never_step_on_a_modal
las_colocaciones_ni_se_solapan_ni_se_salen	placements_neither_overlap_nor_spill_out
las_columnas_configuradas_llegan_en_orden	configured_columns_arrive_in_order
las_disposiciones_de_otros_perfiles_vuelven_intactas	other_profiles_layouts_come_back_intact
las_dos_versiones_de_esquema_van_del_brazo	the_two_schema_versions_go_arm_in_arm
las_filas_llevan_su_profundidad_y_lo_plegado_no_sale	rows_carry_their_depth_and_folded_ones_do_not_show
las_filas_marcan_el_actual_primero_y_la_rama_de_delante	rows_mark_the_current_first_and_the_branch_ahead
las_fixtures_largas_del_corpus_contra_s3_real	the_corpus_long_fixtures_against_real_s3
las_marcas_de_un_relevo_esperan_a_su_listado_y_solo_con_attach	a_handoffs_marks_wait_for_their_listing_and_only_with_attach
las_marcas_no_viajan	marks_do_not_travel
las_marcas_que_se_consumen_son_las_del_origen	the_marks_consumed_are_the_sources
las_marcas_se_consumen_al_enviar	marks_are_consumed_on_send
las_marcas_sobreviven_a_un_refresco	marks_survive_a_refresh
las_pestanas_se_abren_se_recorren_y_se_cierran	tabs_open_cycle_and_close
las_secciones_salen_en_el_orden_fijo	sections_come_out_in_fixed_order
las_teclas_de_un_dialogo_las_pone_el_preset	a_dialogs_keys_are_set_by_the_preset
las_teclas_llegan_como_bytes_de_terminal	keys_arrive_as_terminal_bytes
last_causa	last_cause
layout_places_esta_atado_en_los_siete_presets_y_en_las_dos_pantallas	layout_places_is_bound_in_all_seven_presets_and_both_screens
layout_preview_esta_atado_en_los_siete_presets_y_en_las_dos_pantallas	layout_preview_is_bound_in_all_seven_presets_and_both_screens
layout_roto	layout_broken
learn_registra_y_check_reconoce	learn_records_and_check_recognizes
lector	reader
lecturas_sin_scope_son_accionables	reads_without_scope_are_actionable
lee_la_forma_bsd	reads_the_bsd_form
lee_la_forma_escapada_de_coreutils	reads_the_escaped_coreutils_form
lee_las_dos_formas_de_sha256sum_y_tolera_crlf	reads_both_sha256sum_forms_and_tolerates_crlf
leer_sesion	leer_session
leida	read
leido	read
leidos	read
libre	free
limit_cero_es_error_en_las_dos_tools	limit_zero_is_an_error_in_both_tools
linea	line
linea_con_encoding	line_with_encoding
linea_de	line_of
linea_de_registro	log_line
linea_de_ruta	path_line
linea_de_tiempo	timeline
linea_de_timeline	timeline_line
linea_de_wire	wire_line
linea_enfocada	line_enfocada
linea_tiene_el_foco	the_line_has_focus
linea_wire	line_wire
lineas	lines
lineas_de_detalle	detail_lines
list_dir_y_stat_leen_bajo_scope	list_dir_and_stat_read_under_scope
lista	list
lista_equivocada_en_una_capa_es_error	wrong_list_in_a_layer_is_an_error
listado	listing
listado_con_slash_inyectado_corta	listing_with_injected_slash_cuts_off
listado_con_ufffd_corta	listing_with_ufffd_cuts_off
listado_de	listing_of
listado_del_lado	side_listing
listado_en	listing_in
listado_filtra_self_entry	listing_filters_self_entry
listado_key_fuera_de_prefijo_corta	listing_key_outside_prefix_cuts_off
listado_segmento_vacio_corta	listing_empty_segment_cuts_off
listado_usable	listing_usable
listados	listings
listados_antes	listings_before
listar_devuelve_los_toml_ordenados_y_sin_extension	listing_returns_the_tomls_sorted_and_without_extension
listar_el_dir_vigilado_no_dispara_refrescos	listing_the_watched_dir_does_not_trigger_refreshes
listar_inicial	list_inicial
listo	ready
llama	calls
llegaron	arrived
llego	arrived
lleva	carries
lo_aportado_no_se_cuela_delante_de_lo_de_serie	contributed_entries_do_not_cut_ahead_of_stock_ones
lo_copiado_vuelve_a_leerse_igual_para_todo_el_corpus_hostil	the_copy_reads_back_identical_for_the_whole_hostile_corpus
lo_creado_que_dejo_de_ser_un_fichero_no_se_abre	a_created_item_that_stopped_being_a_file_does_not_open
lo_elegido_en_el_menu_corre_y_el_menu_se_cierra_antes	the_menu_choice_runs_and_the_menu_closes_first
lo_leido_no_se_vuelve_a_pedir	what_was_read_is_not_requested_again
lo_que_el_arbol_no_menciona_se_tira	what_the_tree_does_not_mention_is_dropped
lo_que_ensena_sale_del_listado_y_no_de_una_peticion	what_it_shows_comes_from_the_listing_and_not_a_request
lo_que_no_llego_se_vuelve_a_mandar	what_did_not_arrive_is_sent_again
lo_recordado_en_la_sesion_gana_a_la_env_var	what_is_remembered_in_the_session_wins_over_the_env_var
lo_tecleado_mientras_el_shell_esta_ocupado_no_arrastra_un_cd	what_is_typed_while_the_shell_is_busy_does_not_drag_in_a_cd
load_ausente_es_vacio	load_ausente_es_empty
log_epoca	log_epoch
log_filas	log_rows
log_level_contesta	log_level_answers
log_remoto	log_remote
log_tail_no_soportado	log_tail_no_supported
log_visto	log_seen
los_acordes_con_modificador_siguen_su_camino	chords_with_a_modifier_go_their_own_way
los_ajustes_salen_enteros_en_el_idioma_del_host	settings_come_out_whole_in_the_hosts_language
los_atajos_con_control_no_se_los_queda	control_shortcuts_are_not_kept
los_atributos_se_ponen_y_se_quitan	attributes_are_set_and_unset
los_bits_de_clase_no_caben	the_class_bits_do_not_fit
los_bordes_del_pane_no_son_filas	the_panes_borders_are_not_rows
los_botones_de_disposicion_caen_en_el_borde_derecho	layout_buttons_fall_on_the_right_edge
los_botones_de_disposicion_y_de_pestana_se_pulsan	layout_and_tab_buttons_are_clickable
los_botones_de_la_barra_de_pestanas_se_pulsan	tab_bar_buttons_are_clickable
los_botones_de_la_ficha_disparan_el_comando_de_su_tecla	the_cards_buttons_fire_their_keys_command
los_cinco_ficheros_son_los_cinco_arboles	the_five_files_are_the_five_trees
los_cinco_parsean_a_lo_que_dicen_ser	all_five_parse_into_what_they_claim_to_be
los_cinco_presets_pintan_lo_que_dicen	the_five_presets_paint_what_they_say
los_comandos_de_perfil_existen_y_no_los_ata_ningun_preset	profile_commands_exist_and_no_preset_binds_them
los_comandos_no_salen_hasta_que_se_escribe	commands_do_not_show_until_typed
los_contextos_del_corpus_son_pantallas_que_la_tui_tiene	the_corpus_contexts_are_screens_the_tui_has
los_digitos_que_no_son_octales_se_rechazan	non_octal_digits_are_rejected
los_digitos_se_acumulan_y_sobreviven_a_una_secuencia	digits_accumulate_and_survive_a_sequence
los_dos_cargadores_denuncian_el_mismo_defecto	both_loaders_report_the_same_defect
los_dos_contadores_se_dicen_por_separado	the_two_counters_are_reported_separately
los_dos_idiomas_tienen_las_mismas_claves	both_languages_have_the_same_keys
los_esquemas_prohiben_la_lista_vacia_de_criteria	schemas_forbid_an_empty_criteria_list
los_flags_se_leen_como_en_el_tui	flags_are_read_the_same_as_in_the_tui
los_huecos_auxiliares_se_abren_y_se_cierran	auxiliary_slots_open_and_close
los_huerfanos_tienen_tope_y_se_purga_el_mas_antiguo	orphans_have_a_cap_and_the_oldest_is_purged
los_minimos_del_manifiesto_mandan_y_hay_respaldo	the_manifests_minimums_rule_and_there_is_a_fallback
los_nombres_de_dispositivo_de_windows_se_rechazan_en_todas_partes	windows_device_names_are_rejected_everywhere
los_paneles_de_un_borde_comparten_sitio_en_pestanas	panes_on_one_edge_share_room_as_tabs
los_paneles_de_un_borde_se_agrupan_con_su_tira	panes_on_one_edge_group_with_their_strip
los_paneles_de_un_mismo_borde_se_agrupan_en_pestanas	panes_on_the_same_edge_group_into_tabs
los_presets_de_fabrica_pasan_las_dos_reglas_nuevas	the_factory_presets_pass_both_new_rules
los_presets_ligan_las_operaciones_de_archivo	presets_bind_file_operations
los_rechazos_de_un_lote_se_dicen_una_sola_vez	a_batchs_rejections_are_reported_only_once
los_siete_presets_marcan_moviendose	all_seven_presets_mark_while_moving
los_tamanos_arrastrados_vuelven_al_abrir	dragged_sizes_come_back_on_open
los_tamanos_tienen_que_ser_tantos_como_hijos	sizes_must_be_as_many_as_children
los_topes_de_la_config_son_los_del_historial	the_configs_caps_are_the_historys
los_tres_cambios_de_una_extension_viajan_por_su_nombre	an_extensions_three_changes_travel_by_its_name
los_tres_caminos_dejan_las_unidades_pedidas	the_three_paths_leave_the_requested_units
los_tres_codigos_y_el_contador_acolchado	the_three_codes_and_the_padded_counter
los_tres_presets_de_fabrica_cargan_y_cubren_lo_basico	the_three_factory_presets_load_and_cover_the_basics
los_tres_veredictos	the_three_verdicts
lote	batch
lote_limpio	batch_clean
lote_no_cabe	batch_no_fits
lotes	batches
lua_de_esta_capa	lua_of_this_layer
lua_de_keymap_de_proyecto_se_descarta_con_aviso	project_keymap_lua_is_discarded_with_a_warning
lua_descartadas	lua_discarded
lua_invalido_sigue_siendo_error	invalid_lua_is_still_an_error
lua_prefijado_pasa_la_validacion_de_comandos	prefixed_lua_passes_command_validation
m_hostil	m_hostile
mal	bad
mandar_la_sesion_no_bloquea_el_bucle	sending_the_session_does_not_block_the_loop
mando	command
mapa	map
mapa_de	map_of
mapas	maps
mapas_pedidos	maps_pedidos
marca	mark
marca_los_ficheros	marks_the_files
marca_todo	mark_all
marcada	marked
marcado	marked
marcados	marked
marcar	mark
marcar_colocada	mark_placed
marcar_todo_invertir_y_por_patron	mark_all_invert_and_by_pattern
marcas	marks
marcas_a_restaurar	marks_to_restore
margen	margin
mark_pattern_modal_enmascara_el_patron_hostil_y_su_error	mark_pattern_modal_masks_the_hostile_pattern_and_its_error
mas	more
mayus_al_soltar_decide_copiar_o_mover	shift_on_drop_decides_copy_or_move
medida	measured
medio	middle
mejor_primero	mejor_first
mensaje	message
mensaje_contado	message_contado
mensaje_ticks	message_ticks
mensajes	messages
menu_de_referencia	reference_menu
menu_ultimo	menu_last
mide_el_reparto	measures_the_distribution
midiendo	measuring
migas_de	crumbs_of
miniatura	thumbnail
minimo	min
minimo_visible	min_visible
mod_es_ctrl_por_defecto	mod_is_ctrl_by_default
modal_de_aprobacion_enmascara_marca_y_no_oculta_el_destino	approval_modal_masks_the_mark_and_does_not_hide_the_destination
modal_de_confirmacion_sigue_la_reinterpretacion	confirmation_modal_follows_the_reinterpretation
modal_de_plan_ai_enmascara_y_no_oculta_el_destino	ai_plan_modal_masks_and_does_not_hide_the_destination
modal_semantic_enmascara_hits_hostiles	semantic_modal_masks_hostile_hits
modales	modals
modelo	model
modo_efectivo	modo_effective
mostrado	shown
mostrados	shown
motivo_para_no_lanzar	reason_not_to_launch
move_renombra_dentro_del_scope	move_renames_within_scope
mover_donde_no_cabe_se_rehusa_y_se_dice	moving_where_it_does_not_fit_is_refused_and_reported
mover_en_cola_por_comando	move_in_queue_by_command
mover_en_ficha	move_in_card
mover_en_tablero	move_on_board
mover_es_otro_verbo_y_lo_dice	move_is_a_different_verb_and_says_so
mover_foco	mover_focus
mover_hueco	mover_slot
mover_lo_que_no_se_mueve_no_cambia_nada	moving_what_does_not_move_changes_nothing
mover_no_puede_dejar_nada_fuera_de_la_vista	moving_cannot_leave_anything_outside_the_view
mover_pestana	mover_tab
mover_relista_el_origen_aunque_el_provider_lo_escriba_distinto	moving_relists_the_source_even_if_the_provider_spells_it_differently
mover_relista_tambien_el_origen	moving_also_relists_the_source
mover_un_hueco_lo_suelta_al_lado_o_como_pestana	moving_a_slot_drops_it_beside_or_as_a_tab
mover_una_pestana_no_da_la_vuelta	moving_a_tab_does_not_flip_it_over
mover_una_pestana_se_lleva_el_activo	moving_a_tab_takes_the_active_one_with_it
mover_y_girar_reparten_los_listados	move_and_rotate_redistribute_the_listings
movido	moved
moviendo	moving
movio	moved
muerto	dead
multipart_invisible_hasta_commit_y_abort_sin_rastro	multipart_invisible_until_commit_and_abort_leaves_no_trace
multipart_roundtrip_byte_exacto	multipart_roundtrip_byte_exact
mundo	world
muta	mutates
nada_serializado_lleva_una_ruta_cruda	nothing_serialized_carries_a_raw_path
nativa	native
nav_enter_sobre_un_fichero_deja_un_opener_armado	nav_enter_on_a_file_leaves_an_opener_armed
navegacion	navigation
navegar	navigate
navegar_hueco	navigate_slot
ni_uno_ni_tres	neither_one_nor_three
ningun_auth_llega_a_la_cadena_ambiente_por_descuido	no_auth_reaches_the_environment_chain_by_accident
ningun_byte_de_control_llega_a_una_celda	no_control_byte_reaches_a_cell
ningun_nombre_del_corpus_sale_del_directorio_de_layouts	no_corpus_name_escapes_the_layouts_directory
ningun_numero_del_puente_pasa_de_donde_f64_es_exacto	no_bridge_number_exceeds_where_f64_is_exact
ningun_preset_ata_un_acorde_que_el_terminal_no_entrega	no_preset_binds_a_chord_the_terminal_cannot_deliver
ningun_preset_deja_una_pantalla_sin_listado_usable	no_preset_leaves_a_screen_without_a_usable_listing
ningun_preset_nombra_un_kind_que_no_existe	no_preset_names_a_kind_that_does_not_exist
ningun_preset_repite_un_hueco	no_preset_repeats_a_slot
ningun_rgb	no_rgb
ningun_texto_hereda_el_frente_del_terminal_con_tema_de_fondo	no_text_inherits_the_terminals_foreground_with_a_background_theme
ninguna_frase_publicable_interpola_userinfo	no_publishable_phrase_interpolates_userinfo
ninguna_seccion_pasa_del_tope	no_section_exceeds_the_cap
ninguna_secuencia_tumba_la_rejilla	no_sequence_brings_down_the_grid
ninguna_superficie_enmascara_en_silencio	no_surface_masks_silently
nivel	level
nivel_de_registro	log_level
nivel_remoto	level_remote
no_aplicable_en_caliente	not_hot_reloadable
no_existe_una_tool_de_aplicar	there_is_no_apply_tool
no_hace_falta_avisar	no_need_to_warn
no_hace_falta_avisar_de_imagen	no_need_to_warn_about_image
no_hace_falta_avisar_de_miniatura	no_need_to_warn_about_thumbnail
no_hace_falta_avisar_de_miniatura_compara_el_path	no_thumbnail_notice_needed_compares_the_path
no_hace_falta_avisar_de_miniatura_cuando_no_es_imagen	no_thumbnail_notice_needed_when_it_is_not_an_image
no_hace_falta_avisar_de_miniatura_cuando_un_previewer_ya_sustituyo_la_vista	no_thumbnail_notice_needed_when_a_previewer_already_replaced_the_view
no_hace_falta_avisar_de_miniatura_cuando_ya_hay_una_colocada	no_thumbnail_notice_needed_when_one_is_already_placed
no_hace_nada	no_does_nothing
no_hay_nombres_duplicados	no_hay_names_duplicados
no_hay_perfiles	no_hay_profiles
no_leido_y_sin_hijos_no_son_lo_mismo	unread_and_childless_are_not_the_same
no_muta	no_mutates
no_se_cierra_el_ultimo_listado	the_last_listing_does_not_close
no_se_puede_cerrar_el_ultimo_panel	the_last_pane_cannot_be_closed
node_id_es_el_mismo_para_variantes_de_caja_plegadas	node_id_is_the_same_for_folded_case_variants
node_id_follow_sobre_cadena_es_notfound	node_id_follow_on_a_string_is_notfound
nodo	node
nodos	nodes
nombre	name
nombre_clase	name_class
nombre_con_nbsp_final_se_rechaza	a_name_with_trailing_nbsp_is_rejected
nombre_conexion	name_connection
nombre_crudo	name_raw
nombre_de	name_of
nombre_de_ancla	anchor_name
nombre_estado	name_state
nombre_hostil_bytes_crudos_round_trip	hostile_name_raw_bytes_round_trip
nombre_hostil_round_trip_byte_fiel_por_el_puente	hostile_name_round_trips_byte_faithful_through_the_bridge
nombre_no_utf8_se_rechaza_limpio	a_non_utf8_name_is_rejected_cleanly
nombre_task	name_task
nombre_usable	name_usable
nombre_visible	name_visible
nombres	names
nombres_de_tema	theme_names
nombres_ia	names_ia
nombres_s3_byte_exactos	names_s3_byte_exactos
norte_lang_gana_a_la_config_y_la_config_al_entorno	norte_lang_wins_over_config_and_config_over_the_environment
nota	note
nota_de_captura	capture_note
nota_de_descartes	discard_note
nota_de_fuente	source_note
nota_de_recorte	truncation_note
notas	notes
nueva	new
nueva_instancia	new_instance
nuevo	new
nuevo_pane	new_pane
nuevo_slot	new_slot
nuevos	new
object_fs_papelera	object_fs_trash
obsoleta	stale
oculto_hostil	oculto_hostile
ocultos	hidden
ocupados	busy
off_no_pinta_nada_y_deja_el_visor_como_estaba	off_paints_nothing_and_leaves_the_viewer_as_it_was
ofrecer_reintento	offer_retry
omitidas	skipped
omitidas_del_contenedor_se_ven_en_la_status_bar	container_omissions_show_in_the_status_bar
opciones	options
operando	operating
operandos_de_transferencia	transfer_operands
operandos_vivos	operandos_alive
operar	operate
ordenar_por	sort_by
ordenar_por_columna	sort_by_column
ordenes	commands
ordenes_rx	commands_rx
ordenes_tx	commands_tx
organizar	organize
organizar_en_vuelo	organize_in_flight
organizar_hash	organize_hash
organizar_rehusa	organize_refuses
origen	source
origen_a_peticion	origin_on_request
origen_dir	source_dir
origen_encoding	source_encoding
origen_hostil	source_hostile
otra	other
otras_pantallas	others_screens
otro	other
otro_ancho	other_width
padre_distinto	padre_different
pagina	page
pagina_de_ayuda	help_page
pagina_de_copiado	copy_page
paginado	paged
paginas	pages
paginas_pedidas	pages_pedidas
paleta	palette
paleta_recientes	palette_recent
pane_list_rows_cuenta_las_filas_que_de_verdad_se_pintan	pane_list_rows_counts_the_rows_actually_painted
panel_de_registro	log_panel
panel_de_tasks_y_modal_se_pintan	tasks_panel_and_modal_are_painted
paneles	panels
paneles_de_plugin	plugin_panes
paneles_pedidos	panels_pedidos
pantalla	screen
pantalla_alterna	screen_toggles
papel	paper
papelera	trash
para	for_
params_busqueda	params_search
parche_asistente	parche_wizard
parche_de_ayuda	help_patch
parche_filas	parche_rows
parche_filas_de	patch_rows_of
parches_de_filas_de_todos	patches_of_rows_from_all
parece_ruta	looks_path
parejas	pairs
parse_chord_rechaza_tokens_multi_codepoint_sin_partir	parse_chord_rejects_multi_codepoint_tokens_without_splitting
parse_dos	parse_two
parte	part
partes	parts
partir	split
partir_abre_otro_listado_y_le_da_el_foco	splitting_opens_another_listing_and_gives_it_focus
partir_da_tres_paneles_y_los_tres_cuadran	splitting_gives_three_panes_and_all_three_add_up
partir_en_el_mismo_eje_reparte_a_partes_iguales	splitting_on_the_same_axis_divides_evenly
partir_en_el_otro_eje_sigue_anidando	splitting_on_the_other_axis_keeps_nesting
partir_fichero	split_file
partir_lee_el_tamano_en_binario	splitting_reads_the_size_in_binary
partir_rehusa_un_tamano_que_no_vale	splitting_refuses_a_size_that_is_not_valid
partir_sin_sitio_se_niega_y_lo_dice	splitting_with_no_room_is_denied_and_says_so
partir_sin_sitio_se_rehusa_y_se_dice	splitting_with_no_room_is_refused_and_reported
partir_un_hueco_deja_a_los_dos_al_mismo_peso	splitting_a_slot_leaves_both_at_the_same_weight
partir_un_hueco_fijo_no_se_une_a_sus_hermanos	splitting_a_fixed_slot_does_not_merge_with_its_siblings
partir_una_pestana_corta_dentro_de_ella	splitting_a_tab_cuts_inside_it
pasar_al_keymap	pass_to_keymap
pasos	steps
pasos_proyectados	steps_proyectados
password_inline_en_url_rechazado_sin_eco	inline_password_in_url_rejected_without_echo
path_display_marca_paths_con_segmentos_hostiles	path_display_flags_paths_with_hostile_segments
pausar	pause
pausar_por_comando	pause_by_command
pax_len_en_transiciones_de_digitos	pax_len_in_digit_transitions
pedido	requested
pedir	request
pedir_al_indice	ask_the_index
pedir_al_indice_de_ir_a	request_goto_from_index
pedir_aprobacion	request_approval
pedir_arbol	request_tree
pedir_borrado	request_deleted
pedir_busqueda	request_search
pedir_capacidades	request_capabilities
pedir_catalogo	request_catalog
pedir_catalogo_de_extensiones	request_extensions_catalog
pedir_comparacion	request_comparison
pedir_consulta_semantica	request_query_semantic
pedir_destino_al_escritorio	request_destination_from_the_desktop
pedir_empaquetado	request_packed
pedir_estilo	request_style
pedir_favorito	request_favorite
pedir_favorito_de	request_favorite_of
pedir_ficha	request_detail
pedir_fichero_nuevo	request_file_new
pedir_filas_de_plugin	request_plugin_rows
pedir_guardar_perfil	request_save_profile
pedir_imagen	request_imagen
pedir_informe_de_lote	request_batch_report
pedir_informe_de_sumas	request_checksums_report
pedir_informe_de_sync	request_sync_report
pedir_instruccion_ia	request_instruction_ia
pedir_instruccion_ia_sobre	request_ai_instruction_about
pedir_listado	request_listing
pedir_marco	request_marco
pedir_miniatura	request_thumbnail
pedir_mkdir	request_mkdir
pedir_pagina_de_plugin	request_plugin_page
pedir_paneles	request_panels
pedir_partido	request_partido
pedir_patron	request_patron
pedir_perfiles	request_profiles
pedir_permisos	request_permissions
pedir_plan	request_plan
pedir_plan_de_organizar	request_organize_plan
pedir_plantilla_de_lote	request_batch_template
pedir_ramas	request_branches
pedir_registro_remoto	request_log_remote
pedir_relevo	request_handoff
pedir_rename	request_rename
pedir_salir	request_exit
pedir_secreto	request_secret
pedir_sincronizacion	request_sync
pedir_sincronizar_abre_el_plan	requesting_sync_opens_the_plan
pedir_sitios	request_places
pedir_transferencia	request_transfer
pedir_valor_de_ajuste	request_setting_value
pedir_visor	request_visor
pedir_visor_de	request_viewer_of
pedir_volumenes_de_pie	request_footer_volumes
pedira_el_secreto	will_ask_for_secret
pegar_llena_el_campo_de_contrasena	pasting_fills_the_password_field
pendiente	pending
perder_la_propiedad_se_dice_y_se_vuelve_a_preguntar	losing_ownership_is_reported_and_asked_again
perdidas	lost
perfil	profile
perfil_activo	profile_active
perfil_de_arranque	startup_profile
perfil_guardado	profile_saved
perfiles	profiles
perfiles_de_referencia	reference_profiles
permanente	permanent
permisos	permissions
persistir_ancho	persistir_width
persistir_tema	persistir_theme
pesa	weighs
peso	weight
peso_entre_hermanos	weight_between_hermanos
pestana	tab
pestana_nueva	tab_new
peticion	request
picker_cancel_no_toca_nada	picker_cancel_touches_nothing
picker_cicla_formato_y_persiste_spec	picker_cycles_format_and_persists_the_spec
picker_ordena_y_persiste	picker_sorts_and_persists
picker_toggle_persiste_la_lista	picker_toggle_persists_the_list
pide_la_raiz_y_luego_lo_que_se_abre	asks_for_the_root_and_then_what_gets_opened
pide_nivel	asks_level
pide_secreto	asks_secret
pie_de_columnas	column_footer
pie_en_vuelo	footer_in_flight
ping_responde_con_un_tool_suspendido_en_vuelo	ping_responds_with_a_tool_suspended_in_flight
pinta	paints
pintado	painted
pintar	paint
pintar_en	paint_at
pintar_informe	paint_report
pista	hint
placements_y_hidden_particionan_el_arbol	placements_and_hidden_partition_the_tree
places_no_toma_roles_y_es_unico	places_takes_no_roles_and_is_unique
plan_cerrado	plan_closed
plan_con_colision	plan_with_collision
plan_ia_confirma_como_confirmacion_no_como_aprobacion_de_agente	ai_plan_confirms_as_a_confirmation_not_as_an_agent_approval
plan_ia_de_referencia	reference_ai_plan
plan_ia_no_confirma_sin_un_lote_aplicable	ai_plan_does_not_confirm_without_an_applicable_batch
plan_organizar	plan_organize
plantilla	template
plazo	deadline
plegar_desde_la_app_esconde_las_filas	folding_from_the_app_hides_the_rows
plegar_desde_una_fila_pliega_su_propia_seccion	folding_from_a_row_folds_its_own_section
plegar_una_seccion_esconde_sus_filas_y_recoloca_el_cursor	folding_a_section_hides_its_rows_and_relocates_the_cursor
png_binario	png_binary
politica	policy
politica_de_colision	collision_policy
poller_degradado_detecta_mtime	poller_degradado_detects_mtime
pon	put
pon_kind	put_kind
poner	set
poner_ajuste	set_setting
poner_arbol	set_tree
poner_cursor	set_cursor
poner_en	put_in
poner_fuente	set_source
poner_indice	set_index
populares	popular
populares_desde_sesion_quita_repetidas_y_respeta_el_tope	popular_from_session_removes_duplicates_and_respects_the_cap
populares_expulsa_la_menos_visitada_y_en_empate_la_mas_vieja	popular_evicts_the_least_visited_and_on_a_tie_the_oldest
por_encima_de_los_paneles	above_the_panes
por_la_paleta	by_palette
por_teclado	by_keyboard
prefijo	prefix
prefijo_ambiguo_es_error_de_carga	ambiguous_prefix_is_a_load_error
pregunta	question
preguntando	asking
preguntar	ask
preguntar_deshacer_hasta	ask_undo_until
preguntar_por_aprobacion	ask_for_approval
preguntar_por_deshacer	ask_for_undo
preguntar_por_desinstalacion	ask_for_uninstall
preguntar_si_ya_es_mia	ask_si_ya_es_mia
preview_del_match_bajo_el_cursor_en_la_barra	preview_of_the_match_under_the_cursor_in_the_bar
preview_enfocado	preview_focused
primer_contacto_es_unknown	primer_contact_es_unknown
primer_listado	primer_listing
primer_verbo	primer_verb
primera	first
primera_fila	first_row
primera_pagina	first_page
primera_pintada	first_pintada
primera_visible	first_visible
primero	first
principio	start
procesos	processes
procesos_auto	processes_auto
procesos_automaticos	processes_automaticos
procesos_tienen_el_foco	processes_have_focus
processes_y_metadata_se_enfocan_pero_no_son_destino	processes_and_metadata_can_be_focused_but_are_not_a_destination
profile_start_huerfanos	profile_start_orphans
profile_start_no_inventa_un_hueco_que_el_layout_no_tiene	profile_start_does_not_invent_a_slot_the_layout_does_not_have
profile_start_no_revive_un_hueco_huerfano	profile_start_does_not_revive_an_orphan_slot
profile_start_siembra_un_hueco_sin_sesion	profile_start_seeds_a_slot_without_a_session
programa	program
programa_de_referencia	reference_program
programa_declarado	program_declared
programa_del_daemon	daemon_program
programa_terminado	program_finished
progreso	progress
progreso_create	progress_create
progreso_de_hueco	slot_progress
provider_destino	provider_dest
proyecto	project
prueba_del_daemon	daemon_test
publicador	publisher
puerta	gate
puerta_drenaje	gate_drenaje
puerta_ia	gate_ia
puerta_registro	gate_log
puesta_en	placed_in
puestas	placed
puesto	placed
pulsa	press
pulsa_indicador_de_sesion	clicks_session_indicator
pulsado	pressed
pulsar_barra_de_paneles	click_pane_bar
pulsar_boton_de_disposicion	click_layout_button
pulsar_el_borde_del_panel_no_dispara_su_zona	pressing_the_panes_border_does_not_trigger_its_zone
pulsar_el_indicador_de_sesion_pide_la_ayuda	pressing_the_session_indicator_opens_help
pulsar_elemento_de_estado	click_status_item
pulsar_la_marca_de_una_rama_la_pliega_y_la_despliega	pressing_a_branchs_mark_folds_and_unfolds_it
pulsar_un_titulo_abre_su_menu_y_fuera_cierra	pressing_a_title_opens_its_menu_and_outside_closes_it
pulsar_una_cabecera_pliega_su_seccion	pressing_a_header_folds_its_section
pulsar_una_fila_del_arbol_la_selecciona_y_repulsarla_la_activa	pressing_a_tree_row_selects_it_and_pressing_again_activates_it
pulsar_una_fila_del_sidebar_la_selecciona_y_repulsarla_la_activa	pressing_a_sidebar_row_selects_it_and_pressing_again_activates_it
pulsar_una_zona_del_panel_deja_su_comando_para_el_despacho	pressing_a_panel_zone_leaves_its_command_for_dispatch
pulso	pulse
que	that
que_cuenta_como_ruta_tecleada	what_counts_as_a_typed_path
que_esperaba	that_expected
que_se_comprueba	that_is_checked
queda	remains
queda_trabajo	remains_work
quedan	remain
quien	who
quiere	wants
quiere_identidad	wants_identity
quiere_preview	wants_preview
quieto	idle
quit_posible	quit_possible
quitar	remove
quitar_de_historia	remove_from_history
quitar_favorito	remove_favorite
quitar_una_ruta_borra_su_punto_de_salto	removing_a_path_erases_its_jump_point
rafaga_coalesce_a_un_evento	burst_coalesces_to_one_event
raices	roots
raiz	root
rama	branch
rama_de_head	head_branch
ramas	branches
ramas_del_listado	listing_branches
raro	odd
raton_en_la_ayuda	mouse_in_help
razon	reason
re_listar	re_list
reabrir_un_id_huerfano_recupera_su_estado	reopening_an_orphan_id_recovers_its_state
read_file_frontera_multibyte_cae_a_base64_fiel	read_file_multibyte_boundary_falls_back_to_faithful_base64
read_file_texto_y_binario_fiel	read_file_text_and_binary_faithful
read_range_semantica_pread	read_range_semantic_pread
readornar_todo	readornar_all
reanudar_peticion	reanudar_request
rebase_conserva_la_forma	rebase_preserves_the_shape
rebase_no_fabrica_duplicados	rebase_no_factory_duplicados
rebase_reasigna_desde_la_base_y_devuelve_el_mapa	rebase_reassigns_from_the_base_and_returns_the_map
rebind_explicito_de_enter_a_approve_es_consentimiento_informado	explicit_rebind_of_enter_to_approve_is_informed_consent
recargar_como_cicla_y_marca_forzado	reload_as_cycles_and_marks_forced
recargar_como_vence_al_bom	reload_as_overrides_the_bom
recargar_la_config_reemplaza_los_favoritos_del_sidebar	reloading_the_config_replaces_the_sidebars_favorites
recargar_lineas	reload_lines
rechaza_formulario_invalido	rejects_form_invalid
rechaza_por_solo_lectura	rejects_for_read_only
rechazo	rejection
rechazo_de_lote	batch_rejection
rechazos_por_tamano	rejections_by_size
reclamar_ficha	claim_detail
reclamar_pagina	claim_page
recoge_cromo	collects_chrome
recongelar_ayuda	recongelar_help
recongelar_hechos_de_ayuda	refreeze_help_facts
reconocido	recognized
recordar_vacio_es_error_y_no_pasa_como_secreto	remembering_empty_is_an_error_and_does_not_pass_as_a_secret
recorre	walks
recorrer_organizar	walk_organize
recortado	cropped
recorte	crop
recuento	count
recuperar	recover
redimensionar	resize
redimensionar_columna	resize_column
redimensionar_con_la_alterna_puesta_no_pierde_lo_de_abajo	resizing_with_the_alt_screen_on_does_not_lose_what_is_below
redimensionar_conserva_lo_que_cabe	resizing_preserves_what_fits
reemplazar_seccion	replace_section
refrescar	refresh
refrescar_afectados	refresh_afectados
refrescar_visibles	refresh_visible
refreshed_a_medias_conserva_el_fill_del_pane_no_relistado	a_partial_refresh_preserves_the_unrelisted_panes_fill
refreshed_de_ambos_paneles_suelta_los_dos_huecos	a_refresh_of_both_panes_releases_both_slots
refreshed_suelta_el_fill_del_pane_relistado	refreshed_releases_the_fill_of_the_relisted_pane
refreshed_vacio_no_toca_nada	an_empty_refresh_touches_nothing
registrados	registered
registro	log
registro_next	log_next
registro_remoto	log_remote
regreso_tras_desconectar	regreso_after_disconnect
rehacer_reparto	redo_split
rehusa	refuses
reiniciar	restart
reintentar_por_comando	retry_by_command
reintento	retry
reintento_heredado	retry_heredado
reinterpretar_nombres_pinta_legible_con_badge_e_indicador	reinterpreting_names_paints_it_readable_with_a_badge_and_indicator
rejilla	grid
relevo	handoff
relevo_en_curso	handoff_in_progress
relevo_fallido	handoff_fallido
relevo_terminado	handoff_finished
reloj_tira	clock_strip
remoto	remote
rename_de_ortografia	spelling_rename
rename_dentro_de_su_subarbol_se_rechaza	renaming_into_its_own_subtree_is_rejected
rename_dir_con_listado_hostil_no_muta_nada	renaming_a_dir_with_a_hostile_listing_mutates_nothing
renamer_rehusa	renamer_refuses
render_attr_value_neutralizes_hostiles	render_attr_value_neutralizes_hostile
render_ayuda	render_help
renombrado	renamed
renombrar	rename
rep_repite_el_ultimo	rep_repeats_the_last_one
reparto	split
repedir_catalogo	repedir_catalog
repintar_registro	repintar_log
repintar_si_hace_falta	repaint_if_needed
replaced_de_otro_pane_no_toca	a_replaced_from_another_pane_does_not_touch_it
replaced_suelta_el_fill_del_pane	replaced_releases_the_fill_of_the_pane
request_scope_devuelve_id_y_hint_humano	request_scope_returns_id_and_a_human_hint
require_contra_servidor_sin_tls_falla	require_against_a_server_without_tls_fails
require_rechaza_cert_desconocido	require_rejects_an_unknown_cert
reset_limpia_el_contador	reset_clears_the_counter
reset_rompe_la_secuencia_pendiente	reset_breaks_the_pending_sequence
resolve_user_explicito_gana	resolve_user_explicito_wins
resolver_dialogo	resolver_dialog
resolver_visor_efectivo	resolver_visor_effective
responde	answers
responde_con_foto	responds_with_snapshot
responde_log_tail	answers_log_tail
responder_dialogo	responder_dialog
restablecer	reset
restablecer_ajuste	reset_setting
restaurar_cursor	restore_cursor
restaurar_la_sesion_no_puede_colgar_el_arranque	restoring_the_session_cannot_hang_startup
restaurar_una_sesion_no_apaga_la_fila_de_subir	restoring_a_session_does_not_turn_off_the_parent_row
resto	rest
resuelto	resolved
resuelve_secuencias_multi_tecla	resolves_multi_key_sequences
resultado	result
resumen	summary
resumen_de_lote_si_cerrado	batch_summary_if_closed
retroceder_sobre_un_escape_borra_la_letra_entera	backspacing_over_an_escape_erases_the_whole_character
revelar_activa_la_pestana_del_hueco	revealing_activates_the_slots_tab
revelar_atraviesa_los_grupos_anidados	reveal_crosses_the_nested_groups
revelar_conserva_medidas_y_los_grupos_ajenos	revealing_preserves_sizes_and_unrelated_groups
revelar_lo_que_ya_se_ve_no_cambia_el_arbol	revealing_what_is_already_visible_does_not_change_the_tree
revision_organizar	revision_organize
rewatch_a_menos_dirs_actualiza_el_conjunto	rewatch_with_fewer_dirs_updates_the_set
ris_reinicia_del_todo	ris_resets_everything
ritmo	pace
roles_de_tema	theme_roles
roles_iniciales	roles_initial
rota	broken
rota_elegida	broken_chosen
rotulos	labels
rotulos_de_comando	command_labels
rotulos_plugin	labels_plugin
rueda_en_el_visor	wheel_in_viewer
rueda_en_preview	wheel_in_preview
run_cerrado_mata_bindings_stasheados	run_closed_kills_stashed_bindings
ruta	path
ruta_por_defecto_y_override	default_path_and_override
rutas	paths
s3_bucket_invalido_se_rechaza	an_invalid_s3_bucket_is_rejected
s3_con_user_o_puerto_se_rechaza	s3_with_user_or_port_is_rejected
salida	output
salida_de_comando	command_output
salida_de_referencia	reference_output
salidas	outputs
salir_funciona_con_el_teclado_dentro_de_un_panel_lateral	exiting_works_with_the_keyboard_inside_a_side_panel
saltar	skip
saltar_a_seccion	jump_to_section
saltar_al_punto	jump_to_point
salto	jump
scheme_ajeno_se_rechaza	a_foreign_scheme_is_rejected
scheme_invalido_con_password_inline_no_eco	an_invalid_scheme_with_an_inline_password_is_not_echoed
scroll_con_topes_y_truncado_visible	scroll_with_caps_and_visible_truncation
scroll_del_plan_clampa_en_ambos_extremos	the_plans_scroll_clamps_at_both_ends
se_salta_lo_que_no_es_una_linea_de_sumas_y_cuenta_lo_que_lo_parecia	it_skips_what_is_not_a_checksum_line_and_counts_what_looked_like_one
se_solapan	they_overlap
se_va_a_deshacer	will_undo
seccion	section
secciones_de_ajustes_de_referencia	reference_settings_sections
secret_access_key_nunca_en_el_error	secret_access_key_never_in_the_error
secret_debug_no_filtra	secret_debug_no_filters
secreto	secret
secreto_entregado	secret_entregado
secreto_seguro	secret_safe
secreto_vacio_es_error_y_no_pasa_como_secreto	an_empty_secret_is_an_error_and_does_not_pass_as_a_secret
secreto_vacio_nombra_el_origen_y_los_espacios_pasan	an_empty_secret_names_the_source_and_spaces_pass
secretos_dados	secrets_dados
segmento_tecleado	segment_typed
seguido_de_mapa	followed_by_map
seguir_a_la_propia_raiz_no_tira_nada	following_to_its_own_root_drops_nothing
seguir_a_otro_provider_reancla	following_to_another_provider_re_anchors
seguir_a_un_hermano_sube_al_ancestro_comun_una_vez	following_a_sibling_rises_to_the_common_ancestor_once
seguir_dos_veces_al_mismo_sitio_no_toca_el_cursor	following_twice_to_the_same_place_does_not_touch_the_cursor
seguir_hacia_arriba_sube_la_raiz_sin_vaciar	following_upward_raises_the_root_without_emptying_it
seguir_ramas	follow_branches
seguir_registro	follow_log
seguir_revela_la_rama_y_conserva_lo_abierto	following_reveals_the_branch_and_preserves_what_is_open
seguir_una_rama_sin_listar_espera_a_que_llegue	following_an_unlisted_branch_waits_for_it_to_arrive
seguro	safe
selected_devuelve_la_entrada_bajo_el_cursor	selected_returns_the_entry_under_the_cursor
selector_columnas	selector_columns
selector_de_referencia	reference_selector
selector_disposicion	selector_layout
selector_perfil	selector_profile
semantic_hits_confirma_como_decision_y_cursor_es_inerte	semantic_hits_confirms_as_a_decision_and_the_cursor_is_inert
semantic_query_modal_edita_y_confirma	semantic_query_modal_edits_and_confirms
semantic_query_vacia_no_confirma	an_empty_semantic_query_does_not_confirm
semantica_en_vuelo	semantics_in_flight
semanticos	semantic
sembrar_ramas	seed_branches
sembrar_sitios	seed_places
semilla_de_ids	id_seed
senalar	point_at
separar_los_paneles	separate_the_panes
servidor	server
servidor_falso	server_fake
sesion	session
sesion_degradada	session_degraded
sesion_guardada	session_saved
sesion_ilegal_rechazada_en_connect	an_illegal_session_is_rejected_in_connect
sesion_puesta	session_placed
sesion_releida	session_releida
sesiones	sessions
set_catalogo	set_catalog
set_drives_sustituye_no_fusiona	set_drives_replaces_it_does_not_merge
set_ficha	set_detail
set_texto	set_text
set_volumenes	set_volumes
sftp_inproc_papelera	sftp_inproc_trash
si_el_escritor_se_muere_la_pantalla_se_entera	if_the_writer_dies_the_screen_finds_out
si_el_padre_tampoco_basta_se_numera_hasta_encontrar_hueco	if_the_parent_is_not_enough_either_it_numbers_until_it_finds_room
si_los_fijos_no_caben_se_recortan_y_los_pesos_se_quedan_sin_nada	if_the_fixed_ones_do_not_fit_they_are_trimmed_and_the_weighted_ones_get_nothing
si_muere_el_hueco_seguido_se_degrada_al_activo_y_lo_dice	if_the_followed_slot_dies_it_degrades_to_active_and_says_so
siembra_de_perfil	profile_seed
siempre_se_pinta_algo	something_is_always_painted
sigue	follows
sigue_modificada	follows_modificada
sigue_viva	follows_viva
siguiente	next
siguiente_ajustes	next_settings
siguiente_arbol	next_tree
siguiente_aviso	next_notice
siguiente_ayuda	next_help
siguiente_busqueda	next_search
siguiente_columnas	next_columns
siguiente_comparacion	next_comparison
siguiente_del_anillo	next_in_ring
siguiente_disposicion	next_layout
siguiente_extensiones	next_extensions
siguiente_foco	next_focus
siguiente_foco_tests	next_focus_tests
siguiente_foto	next_snapshot
siguiente_foto_tras_resync	next_snapshot_after_resync
siguiente_mensaje_de_estado	next_status_message
siguiente_modal	next_modal
siguiente_paleta	next_palette
siguiente_parche_de_tablero	next_dashboard_patch
siguiente_recuento	next_count
siguiente_revision	next_revision
siguiente_selector	next_selector
siguiente_sync	next_sync
siguiente_task	next_task
siguiente_tema	next_theme
siguiente_visor	next_visor
siguiente_whichkey	next_whichkey
siguientes_banners	next_banners
siguientes_dialogos	next_dialogs
siguientes_tasks	next_tasks
sin_ancestro_en_el_eje_se_envuelve	without_ancestor_on_axis_it_wraps
sin_barra_de_menus_la_de_paneles_se_muda_a_la_fila_cero	without_a_menu_bar_the_panes_bar_moves_to_row_zero
sin_barras_fijadas_un_click_arriba_no_abre_nada	without_pinned_bars_a_click_above_opens_nothing
sin_conexiones_configuradas_el_selector_lo_dice	with_no_connections_configured_the_selector_says_so
sin_configuracion_quedan_las_de_fabrica	without_configuration_the_factory_ones_remain
sin_confinar	unconfined
sin_daemon_no_se_sondea_ni_se_nombra_a_nadie	without_a_daemon_nothing_is_polled_nor_is_anyone_named
sin_el_flag_del_preset_un_digito_es_una_tecla	without_the_presets_flag_a_digit_is_a_key
sin_escritorio	without_desktop
sin_escritorio_detras_copiar_se_rehusa	without_a_desktop_behind_it_copying_is_refused
sin_fichero_ni_preset_manda_el_error_del_fichero	with_neither_file_nor_preset_the_files_error_wins
sin_foco	unfocused
sin_foco_el_aviso_sale_y_lleva_el_nombre	without_focus_the_notice_appears_and_carries_the_name
sin_gastar	unspent
sin_grupo_los_comandos_de_pestana_lo_dicen	without_a_group_tab_commands_say_so
sin_hermano_se_cae_al_path	without_sibling_it_falls_back_to_path
sin_historial	no_history
sin_los_bytes_un_nombre_honesto_con_reemplazo_sale_marcado_de_mas	without_the_bytes_an_honest_name_with_a_replacement_gets_over_flagged
sin_marcas_es_uno_de_cada_panel	with_no_marks_it_is_one_from_each_pane
sin_nada_enfocable_no_hay_foco	with_nothing_focusable_there_is_no_focus
sin_otro_hueco_el_destino_se_pregunta_fuera	with_no_other_slot_the_destination_is_asked_outside
sin_pagina	no_page
sin_papelera_el_borrado_avisa_de_que_no_hay_vuelta	without_a_trash_deletion_warns_there_is_no_going_back
sin_perfil_el_destino_sigue_siendo_el_usuario	without_a_profile_the_destination_is_still_the_user
sin_perfil_la_clave_sigue_siendo_default	without_a_profile_the_key_is_still_default
sin_visor_no_hay_nada_que_soltar	without_a_viewer_there_is_nothing_to_drop
sinc	sync
sincronizacion	sync
sincronizacion_de_referencia	reference_sync
sincronizar_dos_veces_no_duplica_al_huerfano	syncing_twice_does_not_duplicate_the_orphan
sincronizar_el_mismo_directorio_no_encola_nada	syncing_the_same_directory_queues_nothing
sirve	serves
sistema	system
sitio	place
sitios	places
sitios_tienen_el_foco	places_have_focus
slot_ids_recorre_tambien_las_pestanas_ocultas	slot_ids_also_walks_hidden_tabs
slots_de_referencia	reference_slots
snapshot_ayuda	snapshot_help
snapshot_ayuda_cuerpo_con_foco	snapshot_help_body_with_focus
snapshot_ayuda_filtro_hostil	snapshot_help_hostile_filter
snapshot_ayuda_pagina_de_plugin_hostil	snapshot_help_hostile_plugin_page
snapshot_columna_de_iconos_a_la_izquierda_del_nombre	snapshot_icon_column_to_the_left_of_the_name
snapshot_columns_spec_size_si_header_custom_kind_izquierda	snapshot_columns_spec_size_si_header_custom_kind_left
snapshot_de_referencia	reference_snapshot
snapshot_decoracion_de_plugin_badge_hostil_enmascarado	snapshot_plugin_decoration_masked_hostile_badge
snapshot_extensions_description_hostil_80x24	snapshot_extensions_description_hostile_80x24
snapshot_extensions_ficha_con_ajustes_80x24	snapshot_extensions_card_with_settings_80x24
snapshot_modal_colision	snapshot_modal_collision
snapshot_modal_papelera_y_permanente	snapshot_modal_trash_and_permanent
snapshot_modal_pinta_encima_de_la_palette	snapshot_modal_paints_over_the_palette
snapshot_modal_pinta_encima_del_overlay_de_ajustes	snapshot_modal_paints_over_the_settings_overlay
snapshot_modal_transfer_name_cjk_largo	snapshot_modal_transfer_name_cjk_long
snapshot_navegacion	snapshot_navigation
snapshot_palette_abierta	snapshot_palette_open
snapshot_palette_fila_de_plugin_hostil	snapshot_palette_hostile_plugin_row
snapshot_popup_historial	snapshot_popup_history
snapshot_quick_search_filtro	snapshot_quick_search_filter
snapshot_settings_abierta	snapshot_settings_open
snapshot_settings_filtrada_y_editando_texto	snapshot_settings_filtered_and_editing_text
snapshot_sidebar_abierto	snapshot_sidebar_open
snapshot_sync_pane_mirror_sin_papelera	snapshot_sync_pane_mirror_without_trash
snapshot_sync_pane_update_con_papelera	snapshot_sync_pane_update_with_trash
snapshot_viewer_texto_y_hex	snapshot_viewer_text_and_hex
sobra	extra
sobre	over
sobre_la_fila_de_subir_el_visor_dice_directorio	over_the_parent_row_the_viewer_says_directory
sobre_la_fila_de_subir_la_hoja_la_describe	over_the_parent_row_the_sheet_describes_it
sobre_una_unidad_el_cursor_ya_no_esta_en_una_cabecera	over_a_drive_the_cursor_is_no_longer_on_a_header
socket_para_borrar	socket_for_delete
solo_cerrar	solo_close
solo_con_consulta	only_with_query
solo_lectura	solo_read
solo_listados	solo_listings
solo_se_aparta_el_cromo_del_eje_que_falta	only_the_chrome_of_the_missing_axis_is_set_aside
solo_uno	solo_one
solo_vim_trae_los_contadores_encendidos	only_vim_ships_with_counters_turned_on
soltar	release
soltar_confirmado_copia_y_respeta_las_marcas	a_confirmed_drop_copies_and_respects_the_marks
soltar_debajo	release_below
soltar_en_el_panel_de_origen_no_somete_nada	dropping_on_the_source_pane_submits_nothing
soltar_en_panico	drop_on_panic
soltar_junto_a_un_fijo_entra_como_hermano	dropping_next_to_a_fixed_one_enters_as_a_sibling
soltar_junto_a_una_pestana_parte_su_grupo	dropping_next_to_a_tab_splits_its_group
soltar_lo_que_no_es_ruta_se_dice	dropping_something_that_is_not_a_path_is_reported
soltar_miniatura_si_deja_de_ser_kitty	drop_thumbnail_if_no_longer_kitty
soltar_para_relevo	release_for_handoff
soltar_pregunta_antes_de_copiar	dropping_asks_before_copying
soltar_teclado	release_keyboard
soltar_terminal	release_terminal
soltar_y_tomar_la_sesion_no_dejan_mensaje	dropping_and_taking_the_session_leave_no_message
sondear_destino	sondear_dest
sondear_lineas	sondear_lines
sondear_mapas	sondear_maps
sondear_paneles	sondear_panels
sondear_registro	sondear_log
soporta	supports
soportado	supported
sort_antes	sort_before
sort_junta_las_variantes_de_normalizacion	sort_groups_normalization_variants_together
sort_pone_dirs_primero_y_por_bytes	sort_puts_dirs_first_and_by_bytes
spawn_daemon_plugins_ok_y_roto	spawn_daemon_plugins_ok_and_broken
spawn_raiz	spawn_root
spelling_twins_referencian_ids_reales_y_distintos	spelling_twins_reference_real_and_distinct_ids
splash_hasta_ms	splash_until_ms
splash_visto	splash_seen
split_brain_avisa	split_brain_warns
store_in_age_rechaza_el_vacio	store_in_age_rejects_the_empty_one
subir	up
subir_desde_el_final_acaba_arrastrando_la_ventana	dragging_up_from_the_end_ends_up_dragging_the_window
subir_el_anillo_del_daemon_se_anuncia_tambien_en_mezcla	raising_the_daemons_ring_is_announced_in_the_mix_too
subir_el_nivel_se_lo_pide_tambien_al_daemon	raising_the_level_also_asks_the_daemon
subir_region	up_region
substitute_auto_solo_cambia_los_auto	substitute_auto_only_changes_the_autos
substitute_auto_toma_el_eje_del_corte	substitute_auto_takes_the_cuts_axis
suelta	detached
suelta_la_sesion	drops_the_session
sueltas	loose
sufijo	suffix
sugerido	suggested
sujeto	subject
sujeto_de_aprobacion	approval_subject
sumas	checksums
sumas_informe	checksums_report
sumas_informes_pedidos	checksums_informes_pedidos
sumas_pedidas	checksums_pedidas
sumas_pendientes	checksums_pendientes
symlink_unknown_con_targets_hostiles	symlink_unknown_with_hostile_targets
symlink_unknown_resuelve_el_kind_del_target	symlink_unknown_resolves_the_target_kind
sync_aplicando	sync_applying
sync_plan_con_limit_bajo_trunca_y_no_trae_lo_que_no_supo	sync_plan_with_a_low_limit_truncates_and_does_not_bring_what_it_could_not_know
sync_plan_devuelve_los_pasos_y_no_aplica_nada	sync_plan_returns_the_steps_and_applies_nothing
synthetic_attrs_hostiles_y_deterministas	synthetic_attrs_hostile_and_deterministic
t_hostil	t_hostile
tab_alterna_el_foco_entre_los_dos_panes	tab_toggles_focus_between_the_two_panes
tab_devuelve_el_teclado_sin_cerrar_el_panel	tab_returns_the_keyboard_without_closing_the_panel
tab_sigue_siendo_libre_en_el_contexto_de_dialogo	tab_is_still_free_in_the_dialog_context
tab_tampoco_puede_abrir_una_secuencia	tab_cannot_open_a_sequence_either
tabla	table
tag_de_accion	action_tag
tamano	size
tamano_del_terminal	terminal_size
tar_nombre_largo_panica	tar_long_name_panics
tarea	task
task_a_cancelar	task_to_cancel
task_de_referencia	reference_task
task_fallida	task_failed
tasks_antes	tasks_before
tasks_despues	tasks_after
tasks_es_unico_y_no_toma_foco	tasks_is_unique_and_does_not_take_focus
tasks_se_pinta_pero_no_se_tabula	tasks_is_painted_but_not_tabbed_to
tasks_visibles	tasks_visible
tecla	key
tecla_a_bytes	key_to_bytes
tecla_alt	key_alt
tecla_de	key_for
tecla_de_acorde	chord_key
tecla_de_filtro	filter_key
tecla_de_un_overlay	key_of_an_overlay
tecla_editando_config	key_editando_config
tecla_en_agentes	key_in_agents
tecla_en_ajustes	key_in_settings
tecla_en_asistente	key_in_wizard
tecla_en_ayuda	key_in_help
tecla_en_busqueda	key_in_search
tecla_en_columnas	key_in_columns
tecla_en_comparacion	key_in_comparison
tecla_en_dialogo	key_in_dialog
tecla_en_disposiciones	key_in_layouts
tecla_en_extensiones	key_in_extensions
tecla_en_ir_a	key_in_goto
tecla_en_menu	key_in_menu
tecla_en_paleta	key_in_palette
tecla_en_perfiles	key_in_profiles
tecla_en_preview	key_in_preview
tecla_en_quick	key_in_quick
tecla_en_revision_ia	key_in_ai_review
tecla_en_revision_organizar	key_in_organize_review
tecla_en_selector	key_in_selector
tecla_en_sincronizacion	key_in_sync
tecla_en_splash	key_in_splash
tecla_en_tema	key_in_theme
tecla_en_terminal	key_in_terminal
tecla_en_visor	key_in_viewer
tecla_mod	key_mod
tecla_registro	key_log
teclas	keys
teclas_paleta	keys_palette
tecleado	typed
tecleando_un_valor_las_letras_son_letras	while_typing_a_value_letters_are_letters
tema	theme
tema_claro	theme_light
tema_de_referencia	reference_theme
tema_elegido	theme_chosen
tema_oscuro	theme_dark
tema_puesto	theme_placed
tema_resuelto	theme_resolved
tema_visto	theme_seen
tenia	had
tercero	third
terminal_epoca	terminal_epoch
terminal_escribir	terminal_write
terminar_asistente	finish_wizard
tests_soporte	tests_support
texto	text
texto_de	text_of
texto_de_fila	row_text
texto_de_tercero	third_party_text
texto_del_corpus_se_ve_decodificado	corpus_text_is_shown_decoded
the_text_viewer_does_not_paint_raw_bidi_or_invisibles	the_text_viewer_does_not_paint_raw_bidi_or_invisible
the_unenumerated_invisibles_are_a_hazard	the_unenumerated_invisible_are_a_hazard
tic_de_registro	log_tick
tiene	has
tiene_ficha	has_detail
tiene_listado	has_listing
tiene_undo_vivo	has_undo_vivo
tira	strip
tira_base	strip_base
tira_despertar	strip_despertar
titulo	title
titulo_de	title_of
titulos	titles
tocar_campo_de_dialogo	touch_dialog_field
tocar_rama	touch_branch
toda_accion_que_el_renderer_envia_la_entiende_el_host	every_action_the_renderer_sends_the_host_understands
toda_cabecera_de_grupo_de_la_ayuda_tiene_etiqueta_traducida	every_help_group_header_has_a_translated_label
todas	all
todas_las_filas_terminales_no_es_activa	all_terminal_rows_it_is_not_active
todo_comando_del_vocabulario_esta_documentado	every_command_in_the_vocabulary_is_documented
todo_comando_tiene_ayuda_traducida	every_command_has_translated_help
todo_dialog_command_tiene_etiqueta_traducida	every_dialog_command_has_a_translated_label
todo_lo_colocado_cumple_su_minimo	everything_placed_meets_its_minimum
todo_planned_tiene_motivo_e_issue	every_planned_one_has_a_reason_and_an_issue
todo_preset_alcanza_las_superficies_propias_de_norte	every_preset_reaches_nortes_own_surfaces
todos	all
todos_con	all_with
tofu_desconocida_trust_y_conexion	unknown_tofu_trust_and_connect
tofu_va_uno_a_uno_al_proto	tofu_maps_one_to_one_to_the_proto
toma	takes
toml_roto_nombra_el_archivo	a_broken_toml_names_the_file
tope	cap
tormenta_sostenida_respeta_el_suelo	a_sustained_storm_respects_the_floor
trabajo	work
trabajos	jobs
trampa	trap
transferencia_rechazada	transfer_rejected
transferencias	transfers
tras	after
tras_cfg	after_cfg
tras_el_paso	after_the_step
tras_pintar	after_paint
travesia_compone_con_normalizacion_insensible	traversal_composes_with_insensitive_normalization
tres	three
trozo	chunk
trozos	chunks
truecolor_pinta_el_dir_con_el_azul_del_tema	truecolor_paints_the_dir_with_the_themes_blue
trust_con_fingerprint_incorrecto_no_registra	trust_with_wrong_fingerprint_does_not_register
trust_host_ignora_confirm	trust_host_ignores_confirm
trust_sobre_clave_registrada_distinta_es_error	trust_over_a_different_registered_key_is_an_error
uid_propio	uid_own
ultima_barra	ultima_bar
ultima_linea	ultima_line
ultima_seccion	ultima_section
ultimo	last
ultimo_ajuste	last_setting
ultimo_frame	last_frame
ultimo_listado	last_listing
ultimo_vivo	last_vivo
ultimos	last
ultimos_elementos	last_items
un_active_fuera_de_rango_se_clampa_con_diagnostico	an_out_of_range_active_is_clamped_with_a_diagnostic
un_ancho_impar_no_pierde_una_columna	an_odd_width_does_not_lose_a_column
un_ancla_que_no_existe_deja_el_arbol_intacto	an_anchor_that_does_not_exist_leaves_the_tree_intact
un_apply_de_resultado_desconocido_no_se_reofrece	an_apply_of_an_unknown_result_is_not_reoffered
un_arbol_con_ids_repetidos_no_se_usa	a_tree_with_repeated_ids_is_not_used
un_arbol_sano_valida	a_healthy_tree_validates
un_arbol_sin_listado_no_es_una_disposicion	a_tree_without_a_listing_is_not_a_layout
un_arrastre_cancelado_restituye_las_marcas	a_canceled_drag_restores_the_marks
un_arrastre_marca_lo_que_barre	a_drag_marks_what_it_sweeps
un_arrastre_promovido_lleva_su_fila_y_devuelve_lo_que_barrio	a_promoted_drag_carries_its_row_and_returns_what_it_swept
un_auto_sin_sustituir_cuenta_como_cero	an_unsubstituted_auto_counts_as_zero
un_binding_no_disponible_ensombrece_al_de_global	an_unavailable_binding_shadows_the_global_one
un_binding_no_disponible_si_bloquea_el_prefijo	an_unavailable_binding_still_blocks_the_prefix
un_binding_no_disponible_sigue_contando_para_prefix_free	an_unavailable_binding_still_counts_toward_prefix_free
un_binding_no_disponible_sigue_ensombreciendo	an_unavailable_binding_still_shadows
un_bom_utf8_no_se_lleva_la_primera_linea	a_utf8_bom_does_not_take_the_first_line_with_it
un_caracter_ancho_en_una_rejilla_de_una_columna_no_saca_el_cursor	a_wide_character_in_a_one_column_grid_does_not_push_the_cursor_out
un_caracter_ancho_ocupa_dos_celdas	a_wide_character_occupies_two_cells
un_caracter_multibyte_viaja_entero	a_multibyte_character_travels_whole
un_clic_en_el_borde_de_una_columna_no_guarda_nada	a_click_on_a_columns_border_saves_nothing
un_clic_en_una_pestana_la_pone_delante	a_click_on_a_tab_brings_it_to_front
un_click_antes_y_otro_despues_de_un_cd_no_son_un_doble_click	a_click_before_and_another_after_a_cd_are_not_a_double_click
un_click_con_modificador_no_es_la_primera_mitad_de_un_doble	a_click_with_a_modifier_is_not_the_first_half_of_a_double
un_click_en_el_hueco_de_la_barra_no_hace_nada	a_click_on_the_bars_gap_does_nothing
un_click_en_la_barra_de_menu_la_abre	a_click_on_the_menu_bar_opens_it
un_click_en_la_primera_fila_resuelve_la_primera_entrada	a_click_on_the_first_row_resolves_the_first_entry
un_click_en_la_ultima_entrada_resuelve_esa_y_no_otra	a_click_on_the_last_entry_resolves_that_one_and_no_other
un_click_en_un_listado_trae_el_teclado_desde_el_sidebar	a_click_on_a_listing_brings_the_keyboard_from_the_sidebar
un_click_en_un_panel_lateral_le_da_el_teclado	a_click_on_a_side_pane_gives_it_the_keyboard
un_click_enfoca_ese_pane_y_mueve_el_cursor	a_click_focuses_that_pane_and_moves_the_cursor
un_click_fuera_de_los_dos_panes_no_resuelve_nada	a_click_outside_both_panes_resolves_nothing
un_click_limpio_cierra_el_quick_search_sobre_la_fila_pulsada	a_clean_click_closes_quick_search_on_the_clicked_row
un_click_sobre_un_listado_desplazado_suma_el_scroll	a_click_on_a_scrolled_listing_adds_in_the_scroll
un_comando_ajeno_sobrevive_venga_del_preset_o_de_una_capa	a_foreign_command_survives_whether_it_comes_from_the_preset_or_a_layer
un_comando_live_que_este_frontend_no_implementa_es_not_here	a_live_command_this_frontend_does_not_implement_is_not_here
un_contador_llega_con_el_comando	a_counter_arrives_with_the_command
un_contador_sobre_un_comando_sin_contador_no_se_traga	a_counter_on_a_command_without_a_counter_is_not_swallowed
un_contenido_grande_se_trocea	large_content_is_chunked
un_corchete_que_no_es_codigo_es_literal	a_bracket_that_is_not_code_is_literal
un_corte_vertical_reparte_el_alto	a_vertical_cut_divides_the_height
un_ctrl_l_no_apaga_el_seguimiento	a_ctrl_l_does_not_turn_off_tailing
un_cuerpo_corrupto_deja_la_pantalla_de_la_config	a_corrupt_body_leaves_the_config_screen
un_cuerpo_del_futuro_deja_la_ventana_suelta	a_body_from_the_future_leaves_the_window_detached
un_daemon_sin_registro_deja_de_sondearse_y_un_fallo_no	a_daemon_without_a_log_stops_being_polled_and_a_failure_does_not
un_daemon_sin_registro_lo_dice_la_etiqueta_de_la_fuente	a_daemon_without_a_log_is_shown_by_the_source_label
un_delegado_real_lista_lo_que_forjamos	a_real_delegate_lists_what_we_forged
un_destino_con_una_flecha_no_simula_dos_rutas	a_destination_with_one_arrow_does_not_fake_two_paths
un_destino_de_solo_lectura_lo_dice_al_encolar	a_read_only_destination_says_so_when_queuing
un_destino_designado_a_mano_sobrevive_a_la_reconciliacion	a_hand_designated_destination_survives_reconciliation
un_destino_que_cabe_y_confina_no_dice_nada	a_destination_that_fits_and_stays_confined_says_nothing
un_destino_que_nadie_pidio_no_hace_nada	a_destination_nobody_asked_for_does_nothing
un_destino_que_no_es_una_direccion_deja_el_prompt_abierto	a_destination_that_is_not_an_address_leaves_the_prompt_open
un_destino_que_se_oculta_se_reubica	a_destination_that_hides_gets_relocated
un_destino_sin_carpeta_va_en_la_raiz	a_destination_without_a_folder_goes_at_the_root
un_digito_a_mitad_de_secuencia_es_una_tecla	a_digit_mid_sequence_is_a_key
un_digito_a_mitad_de_secuencia_sigue_siendo_ligable_con_contadores	a_digit_mid_sequence_is_still_bindable_with_counters
un_digito_con_modificador_no_es_un_contador	a_digit_with_a_modifier_is_not_a_counter
un_digito_ligado_con_contadores_es_error_de_carga	a_digit_bound_with_counters_is_a_load_error
un_digito_no_ascii_es_una_tecla_normal_en_los_dos_caminos	a_non_ascii_digit_is_a_normal_key_on_both_paths
un_directorio_bajo_el_cursor_no_se_lee	a_directory_under_the_cursor_is_not_read
un_directorio_de_plugin_no_utf8_llega_marcado_y_sin_falso_positivo	a_non_utf8_plugin_directory_arrives_flagged_and_without_a_false_positive
un_directorio_explicito_gana_a_la_sesion_en_el_panel_activo	an_explicit_directory_wins_over_the_session_in_the_active_pane
un_directorio_no_es_un_daemon	a_directory_is_not_a_daemon
un_directorio_que_no_existe_se_dice_pronto	a_directory_that_does_not_exist_is_reported_early
un_drop_abre_el_mismo_modal_que_la_tecla_de_copiar	a_drop_opens_the_same_modal_as_the_copy_key
un_escape_partido_entre_dos_trozos_se_reconoce	an_escape_split_across_two_chunks_is_recognized
un_espejo_archiva_los_dos_rellenos	a_mirror_archives_both_fills
un_favorito_roto_sale_en_la_lista_y_no_navega	a_broken_favorite_shows_in_the_list_and_does_not_navigate
un_fichero_del_usuario_gana_al_preset_del_mismo_nombre	a_user_file_wins_over_the_preset_of_the_same_name
un_fichero_roto_avisa_y_cae_al_preset	a_broken_file_warns_and_falls_back_to_the_preset
un_fichero_roto_cae_al_preset_avisando	a_broken_file_falls_back_to_the_preset_with_a_warning
un_fichero_utf16_se_reconoce_como_tal	a_utf16_file_is_recognized_as_such
un_fijo_por_debajo_del_minimo_de_su_kind_se_respeta	a_fixed_size_below_its_kinds_minimum_is_respected
un_fijo_que_es_un_listado_no_es_cromo	a_fixed_slot_that_is_a_listing_is_not_chrome
un_fijo_se_lleva_lo_suyo_y_los_pesos_el_resto	a_fixed_one_takes_its_share_and_the_weighted_ones_take_the_rest
un_flag_desconocido_no_se_traga	an_unknown_flag_is_not_swallowed
un_foco_que_ya_no_se_ve_cae_al_primer_visible	a_focus_that_is_no_longer_visible_falls_back_to_the_first_visible
un_follow_a_un_hueco_que_no_existe_degrada_a_active	a_follow_to_a_slot_that_does_not_exist_degrades_to_active
un_follow_al_rol_active_sigue_al_foco	a_follow_to_the_active_role_follows_focus
un_formato_que_kitty_no_coloca_no_manda_a_aprobar_nada	a_format_kitty_cannot_place_does_not_send_anything_for_approval
un_frame_normal_no_caduca_el_gesto	a_normal_frame_does_not_expire_the_gesture
un_gobierno_fallido_vuelve_a_preguntar_al_core	a_failed_governance_check_asks_the_core_again
un_help_md_recortado_sale_como_hallazgo	a_truncated_help_md_comes_out_as_a_finding
un_hijo_fijo_no_baja_de_dos_ni_pasa_de_cien	a_fixed_child_does_not_go_below_two_nor_above_a_hundred
un_hijo_fijo_se_mueve_en_celdas	a_fixed_child_moves_in_cells
un_hijo_ponderado_no_cambia_de_comportamiento	a_weighted_child_does_not_change_behavior
un_hueco_huerfano_del_almacen_se_conserva_en_vez_de_readoptarse	an_orphan_slot_from_the_store_is_preserved_instead_of_being_readopted
un_hueco_oculto_afectado_queda_para_recargar	an_affected_hidden_slot_is_left_to_reload
un_hueco_que_el_layout_no_tiene_no_rompe_la_aplicacion	a_slot_the_layout_does_not_have_does_not_break_the_app
un_hueco_que_espera_dice_a_donde_va	a_waiting_slot_says_where_it_is_going
un_hueco_que_pide_secreto_al_restaurar_lo_dice_y_no_finge_vacio	a_slot_that_asks_for_a_secret_on_restore_says_so_and_does_not_fake_empty
un_hueco_ya_sembrado_no_se_vuelve_a_sembrar	an_already_seeded_slot_is_not_seeded_again
un_informe_a_medias_no_abre_veredicto	a_partial_report_does_not_open_a_verdict
un_intercambio_de_panes_a_mitad_de_un_arrastre_se_lleva_el_gesto	swapping_panes_mid_drag_carries_the_gesture_along
un_intercambio_no_cosecha_la_busqueda_viva	a_swap_does_not_harvest_the_live_search
un_kind_desconocido_conserva_sus_params	an_unknown_kind_preserves_its_params
un_kind_desconocido_se_coloca_pero_no_toma_foco	an_unknown_kind_is_placed_but_does_not_take_focus
un_kind_desconocido_viaja_en_el_layout	an_unknown_kind_travels_in_the_layout
un_kind_exigente_no_vacia_la_pantalla_de_cromo	a_demanding_kind_does_not_empty_the_screen_of_chrome
un_kind_fuera_del_registro_no_es_un_error	a_kind_outside_the_registry_is_not_an_error
un_kind_sin_ese_rol_no_es_candidato	a_kind_without_that_role_is_not_a_candidate
un_layout_escrito_se_vuelve_a_leer	a_written_layout_is_read_back
un_layout_incoherente_no_llega_a_pintarse	an_incoherent_layout_never_gets_painted
un_layout_que_no_esta_lo_dice_por_su_nombre	a_missing_layout_is_reported_by_its_name
un_layout_que_trae_el_sidebar_lo_arranca_con_los_favoritos	a_layout_that_brings_the_sidebar_starts_it_with_the_favorites
un_layout_sin_listado_no_llega_a_aplicarse	a_layout_without_a_listing_never_gets_applied
un_listado_adoptado_llega_con_la_fila_de_subir	an_adopted_listing_arrives_with_the_parent_row
un_listado_en_una_pestana_oculta_cuenta	a_listing_in_a_hidden_tab_counts
un_listado_vacio_dice_que_no_hay_nada	an_empty_listing_says_there_is_nothing
un_lote_por_encima_del_tope_se_rechaza_entero	a_batch_above_the_cap_is_rejected_whole
un_lote_recortado_lo_dice	a_trimmed_batch_says_so
un_menu_abierto_es_dueno_del_teclado	an_open_menu_owns_the_keyboard
un_modal_abierto_a_mitad_de_un_arrastre_se_lleva_el_gesto	a_modal_opened_mid_drag_carries_the_gesture_along
un_modal_se_pinta_sobre_el_viewer	a_modal_paints_over_the_viewer
un_modo_de_carpetas_invalido_no_se_traga	an_invalid_folder_mode_is_not_swallowed
un_modo_invalido_no_cambia_nada	an_invalid_mode_changes_nothing
un_movimiento_enorme_no_desborda	a_huge_movement_does_not_overflow
un_nombre_con_directorio_se_juzga_contra_su_propia_ruta	a_name_with_a_directory_is_judged_against_its_own_path
un_nombre_con_ruta_dentro_se_rechaza	a_name_with_a_path_inside_it_is_rejected
un_nombre_con_salto_de_linea_no_inyecta_una_entrada	a_name_with_a_newline_does_not_inject_an_entry
un_nombre_de_layout_que_no_es_utf8_se_busca_igual	a_non_utf8_layout_name_is_looked_up_all_the_same
un_nombre_desconocido_no_cambia_el_arbol	an_unknown_name_does_not_change_the_tree
un_nombre_fuera_del_catalogo_sigue_siendo_error	a_name_outside_the_catalogue_is_still_an_error
un_nombre_inventado_falla_en_la_orden_y_cae_en_la_config	a_made_up_name_fails_on_the_command_line_and_falls_back_to_config
un_nombre_no_utf8_llega_entero	a_non_utf8_name_arrives_whole
un_nombre_que_no_es_utf8_ni_se_pierde_ni_se_confunde	a_non_utf8_name_is_neither_lost_nor_confused
un_nombre_que_no_es_utf8_sobrevive	a_non_utf8_name_survives
un_nombre_que_solo_difiere_en_mayusculas_no_es_el_mismo_fichero	a_name_that_only_differs_in_case_is_not_the_same_file
un_objetivo_que_no_va_a_llegar_se_suelta	a_target_that_will_never_arrive_is_released
un_orden_inesperado_sigue_siendo_fail_closed	an_unexpected_order_is_still_fail_closed
un_osc_no_pinta_nada	an_osc_paints_nothing
un_panel_cerrado_no_se_pinta_como_un_bloque_encendido	a_closed_panel_is_not_painted_as_a_lit_block
un_panel_consentido_es_un_kind_con_su_prefijo	a_consented_pane_is_a_kind_with_its_prefix
un_panel_de_plugin_no_tiene_boton_en_la_barra	a_plugin_panel_has_no_button_in_the_bar
un_panel_detras_de_una_pestana_no_se_sondea	a_panel_behind_a_tab_is_not_polled
un_perfil_explicito_gana_al_pegajoso	an_explicit_profile_wins_over_the_sticky_one
un_perfil_que_no_carga_deja_todo_como_estaba	a_profile_that_fails_to_load_leaves_everything_as_it_was
un_perfil_que_no_existe_no_arranca	a_profile_that_does_not_exist_does_not_start
un_peso_de_cero_se_sube_a_uno_con_diagnostico	a_weight_of_zero_is_raised_to_one_with_a_diagnostic
un_peso_no_baja_de_su_minimo_si_hay_sitio	a_weight_does_not_go_below_its_minimum_if_there_is_room
un_peso_que_entra_se_mide_contra_sus_hermanos	an_incoming_weight_is_measured_against_its_siblings
un_plan_con_bloqueos_no_se_aprueba	a_plan_with_blockers_is_not_approved
un_plan_que_borra_pregunta_dos_veces	a_plan_that_deletes_asks_twice
un_plan_que_el_daemon_rechaza_no_deja_nada_pendiente	a_plan_the_daemon_rejects_leaves_nothing_pending
un_plan_sin_leer_no_se_aprueba	an_unread_plan_is_not_approved
un_prefijo_de_unidad_no_es_un_nombre	a_drive_prefix_is_not_a_name
un_preset_completo_siembra_el_estado_de_cada_hueco	a_complete_preset_seeds_every_slots_state
un_preset_de_fabrica_se_aplica_sin_fichero_ninguno	a_factory_preset_applies_with_no_file_at_all
un_preset_no_puede_repinar_tab	a_preset_cannot_rebind_tab
un_preset_sigue_yendo_por_su_nombre	a_preset_is_still_looked_up_by_its_name
un_previewer_de_plugin_no_esconde_que_los_bytes_son_imagen	a_plugin_previewer_does_not_hide_that_the_bytes_are_an_image
un_punto_o_un_espacio_al_final_no_es_un_nombre	a_trailing_dot_or_space_is_not_a_name
un_refresco_no_pisa_una_navegacion_en_vuelo	a_refresh_does_not_stomp_on_an_in_flight_navigation
un_release_que_se_comio_otro_pump_no_deja_el_gesto_armado	a_release_that_swallowed_another_pump_does_not_leave_the_gesture_armed
un_renamer_que_rehusa_dice_por_que_en_la_barra	a_renamer_that_refuses_says_why_in_the_bar
un_replay_o_un_seed_no_cuentan_como_visita	a_replay_or_a_seed_does_not_count_as_a_visit
un_run_hostil_es_error_de_carga_jamas_una_indisponibilidad	a_hostile_run_is_a_load_error_never_an_unavailability
un_selector_cancelado_viaja_como_null	a_canceled_selector_travels_as_null
un_sobre_futuro_no_se_interpreta	a_future_envelope_is_not_interpreted
un_split_con_un_hijo_fijo_no_colapsa	a_split_with_a_fixed_child_does_not_collapse
un_split_que_no_cabe_colapsa_a_pestanas_sin_tocar_el_arbol	a_split_that_does_not_fit_collapses_to_tabs_without_touching_the_tree
un_subshell_vive_entre_dos_ordenes	a_subshell_lives_between_two_commands
un_tema_que_no_carga_deja_el_de_fabrica	a_theme_that_fails_to_load_leaves_the_factory_one
un_volumen_que_no_contesta_no_inventa_una_alarma	a_volume_that_does_not_answer_does_not_invent_an_alarm
un_volumen_sin_espacio_conserva_el_none	a_volume_without_space_preserves_the_none
una	one
una_accion_desconocida_se_rechaza	an_unknown_action_is_rejected
una_capa_de_usuario_no_puede_encender_los_contadores	a_user_layer_cannot_turn_on_the_counters
una_capa_de_usuario_rebindea_dialog_y_dialog_action_lo_obedece	a_user_layer_rebinds_dialog_and_dialog_action_obeys_it
una_capa_de_usuario_tampoco_puede_tomar_tab	a_user_layer_cannot_take_tab_either
una_carpeta_bajo_una_nueva_nunca_es_existente	a_folder_under_a_new_one_is_never_existing
una_carpeta_manda_a_comparar_directorios	a_folder_sends_to_compare_directories
una_carpeta_que_ya_existe_no_se_pinta_como_nueva	a_folder_that_already_exists_is_not_painted_as_new
una_clave_rsa_de_1024_se_rechaza_aunque_allow_rsa_este_puesto	a_1024_bit_rsa_key_is_rejected_even_with_allow_rsa_set
una_colision_llega_al_tablero_como_fallo	a_collision_arrives_at_the_board_as_a_failure
una_comparacion_cancelada_por_un_tercero_no_finge_estar_completa	a_comparison_canceled_by_a_third_party_does_not_pretend_to_be_complete
una_conexion_ilegible_no_esconde_a_las_demas_en_la_ventana	an_unreadable_connection_does_not_hide_the_others_in_the_window
una_copia_en_marcha_se_cancela	a_copy_in_progress_can_be_canceled
una_copia_que_choca_se_puede_reintentar_con_otra_politica	a_copy_that_collides_can_be_retried_with_another_policy
una_copia_que_nace_terminal_tambien_relista	a_copy_born_terminal_also_relists
una_disposicion_sin_el_panel_devuelve_el_teclado	a_layout_without_the_panel_returns_the_keyboard
una_etiqueta_no_utf8_sobrevive_como_bytes	a_non_utf8_label_survives_as_bytes
una_fila_en_vuelo_es_activa	an_in_flight_row_is_active
una_fuente_ya_filtrada_no_se_vuelve_a_filtrar	an_already_filtered_source_is_not_filtered_again
una_hoja_oculta_no_produce_objetivo	a_hidden_sheet_produces_no_target
una_lectura_denegada_pinta_el_motivo_y_no_abre_modal	a_denied_read_paints_the_reason_and_does_not_open_a_modal
una_lectura_no_cuenta_como_cambio	a_read_does_not_count_as_a_change
una_linea_a_medias_no_se_ejecuta	a_half_typed_line_is_not_executed
una_linea_que_no_se_entendio_impide_cantar_verde	a_line_that_was_not_understood_prevents_calling_it_green
una_miniatura_jpeg_se_descarta	a_jpeg_thumbnail_is_discarded
una_miniatura_png_se_coloca	a_png_thumbnail_is_placed
una_miniatura_webp_se_descarta	a_webp_thumbnail_is_discarded
una_pestana_inactiva_va_a_hidden_no_a_placements	an_inactive_tab_goes_to_hidden_not_to_placements
una_pestana_nueva_entra_en_el_grupo_mas_interior	a_new_tab_enters_the_innermost_group
una_pestana_nueva_nace_llena_y_en_el_mismo_sitio	a_new_tab_is_born_full_and_in_the_same_place
una_pestana_oculta_conserva_lo_suyo	a_hidden_tab_keeps_its_own
una_peticion_nueva_repinta_el_panel_y_no_mueve_la_seleccion	a_new_request_repaints_the_panel_and_does_not_move_the_selection
una_plantilla_imposible_se_rechaza_antes_de_pedir_plan	an_impossible_template_is_rejected_before_requesting_a_plan
una_rama_de_otra_pintada_no_navega	a_branch_from_another_painted_one_does_not_navigate
una_respuesta_vieja_no_pisa_el_marco_de_ahora	an_old_response_does_not_stomp_on_the_current_frame
una_ruta_larga_no_desborda_la_fila	a_long_path_does_not_overflow_the_row
una_ruta_que_no_es_local_no_se_abre	a_path_that_is_not_local_does_not_open
una_ruta_tecleada_que_no_parsea_se_dice	a_typed_path_that_does_not_parse_is_reported
una_seccion_asincrona_se_sustituye_no_se_acumula	an_async_section_replaces_it_does_not_accumulate
una_seccion_que_llega_tarde_no_mueve_el_cursor	a_section_that_arrives_late_does_not_move_the_cursor
una_seccion_vacia_no_pinta_cabecera	an_empty_section_paints_no_header
una_siembra_bajo_el_root_no_revienta_el_listado	seeding_under_the_root_does_not_blow_up_the_listing
una_sugerencia_ocupada_se_cualifica_con_el_padre	a_taken_suggestion_is_qualified_with_the_parent
una_tecla_no_disponible_resuelve_a_unavailable	an_unavailable_key_resolves_to_unavailable
una_tecla_reatada_contesta_el_dialogo	a_rebound_key_answers_the_dialog
una_tecla_sin_binding_limpia_el_contador	a_key_without_a_binding_clears_the_counter
una_tool_abandonada_cancela_el_walk_del_daemon	an_abandoned_tool_cancels_the_daemons_walk
una_ventana_suelta_no_escribe_y_vuelve_a_preguntar	a_detached_window_does_not_write_and_asks_again
una_zona_no_puede_nombrar_un_comando_fuera_de_su_alcance	a_zone_cannot_name_a_command_outside_its_scope
undo_en_curso	undo_in_progress
undo_limpio	undo_clean
undock_es_close_slot_y_devuelve_el_arbol_de_antes	undock_is_close_slot_and_returns_the_previous_tree
unidad	unit
uno	one
usado	used
usuario	user
v_hostil	v_hostile
vacia	empty
vaciar_conserva_el_punto_de_salto_y_el_tope	clearing_preserves_the_jump_point_and_the_cap
vaciar_historia	clear_history
vacio	empty
vacio_no_esta_activo	empty_is_not_active
vacios	empty
validated_suffix_contiene_lo_hostil	validated_suffix_contains_the_hostile_part
valores	values
valores_de_columna	column_values
variables_de_la_hoja	sheet_variables
variante	variant
variante_clara	variant_clara
variante_oscura	variant_oscura
veces	times
ventana	window
verbo	verb
verbo_de_dialogo	dialog_verb
verbos	verbs
veredicto	verdict
veredicto_ok	verdict_ok
veredictos_pedidos	verdicts_pedidos
verificar	verify
victima	victim
viejo	old
viewer_miniatura_ajena	viewer_thumbnail_foreign
viewer_pinta_indicador_via_plugin_y_sus_lineas	viewer_paints_indicator_via_plugin_and_its_lines
viewer_preview_lossy_pinta_el_aviso	viewer_preview_lossy_paints_the_warning
viewer_preview_styled_role_gana_a_fg_y_pinta_del_tema	viewer_preview_styled_role_wins_over_fg_and_paints_from_the_theme
vigencia	validity
visibles	visible
visita_pendiente	visita_pending
visitados	visited
visor_abierto	visor_open
visor_columnas	visor_columns
visor_de_referencia	reference_viewer
visor_en_vuelo	viewer_in_flight
visor_filas	visor_rows
vista_agentes	vista_agents
vista_ajustes	vista_settings
vista_asistente	vista_wizard
vista_ayuda	vista_help
vista_barra_de_paneles	view_pane_bar
vista_botones_de_disposicion	view_layout_buttons
vista_busqueda	vista_search
vista_columnas	vista_columns
vista_comparacion	vista_comparison
vista_de_linea	timeline_view
vista_de_mapa	map_view
vista_disposiciones	vista_layouts
vista_elementos_de_estado	status_items_view
vista_extensiones	vista_extensions
vista_organizar	vista_organize
vista_paleta	vista_palette
vista_perfiles	vista_profiles
vista_sincronizacion	vista_sync
vista_tema	vista_theme
vistas_de_dialogos	dialog_views
visto	seen
visto_hasta	seen_until
vocabulario	vocabulary
volumen	volume
volumen_de_disco	disk_volume
volumen_de_sobra	spare_volume
volumen_lleno	volume_full
volumen_mudo	volume_mudo
volumenes	volumes
volumenes_de_lado	side_volumes
volumenes_pedidos	volumes_pedidos
volumenes_pie	volumes_pie
vpath_de_ruta_nativa	vpath_from_native_path
vpath_invalido_es_error_de_tool_local	invalid_vpath_is_a_local_tool_error
vuelta	return_
watch_targets_sigue_a_los_panes_tras_el_intercambio	watch_targets_follows_the_panes_after_the_swap
watcher_nativo_detecta_escritura	native_watcher_detects_a_write
whitespace_en_extremos_se_rechaza_no_se_renombra	whitespace_at_the_ends_is_rejected_it_does_not_rename
without_node_ids_devuelve_none	without_node_ids_returns_none
write_sobre_existente_conflict_al_abrir	write_over_existing_conflicts_on_open
x_razon	x_reason
ya_colocada	ya_placed
zip_deflate_declara_tamanos_reales	zip_deflate_declares_real_sizes
zona	zone
zona_de_panel_en	pane_zone_in
zona_puede	zone_can
zonas	zones
